Codon,alpha,beta1,p1,beta2,p2,LRT,p-value,q-value,Log(L)
1,0.844619,0.0,0.0465862,0.0,0.953414,0.0,0.67,0.778577,-4.12555
2,0.0,0.0,0.976186,26.607,0.0238142,27.5797,4.23521e-07,0.000124515,-39.0584
3,3.51024,0.0,0.997733,717.644,0.00226718,11.4011,0.00145361,0.0801304,-162.178
4,0.256171,0.0,0.96382,130.749,0.0361802,106.807,0.0,0.0,-125.175
5,0.99995,0.0886066,0.15,0.872051,0.85,0.0,0.67,0.746136,3.70814e-14
6,0.743105,0.0,0.989847,281.743,0.0101534,19.2459,2.7857e-05,0.00350998,-83.2817
7,1.03484,1.03484,0.0328279,0.0,0.967172,0.0,0.67,0.78374,-38.3265
8,0.99995,0.0886066,0.15,0.872051,0.85,0.0,0.67,0.813967,3.70814e-14
9,0.99995,0.0886066,0.15,0.872051,0.85,0.0,0.67,0.816215,3.70814e-14
10,0.99995,0.0886066,0.15,0.872051,0.85,0.0,0.67,0.811731,3.70814e-14
11,0.99995,0.0886066,0.15,0.872051,0.85,0.0,0.67,0.810617,3.70814e-14
12,0.0,0.0,0.994534,115.227,0.00546635,10.1938,0.00267852,0.138968,-19.8925
13,0.585445,0.0,0.0484201,0.0,0.95158,0.0,0.67,0.827647,-45.1828
14,0.452849,0.0,0.0486586,0.0,0.951341,0.0,0.67,0.821892,-34.6107
15,0.99995,0.0886066,0.15,0.872051,0.85,0.0,0.67,0.823036,3.70814e-14
16,0.363425,0.0,0.0472961,0.0,0.952704,0.0,0.67,0.793208,-44.3308
17,0.533659,0.164414,0.999212,0.227828,0.000788118,0.0,0.67,0.805095,-81.4041
18,0.516533,0.0,0.980882,30.204,0.0191177,13.8142,0.000429593,0.0315751,-64.9714
19,0.880396,0.0,0.990521,67.234,0.00947881,13.271,0.000565093,0.0383394,-79.4792
20,1.6776,1.6776,0.0419542,0.0,0.958046,0.0,0.67,0.798568,-68.3405
21,0.99995,0.0886066,0.15,0.872051,0.85,0.0,0.67,0.741455,3.70814e-14
22,0.90024,0.154058,0.991771,652.681,0.00822918,24.4196,2.06924e-06,0.000365014,-137.218
23,0.946664,0.0,0.979042,50.0715,0.0209582,10.0215,0.00292294,0.135686,-112.99
24,0.949165,0.0713667,0.992607,33.7028,0.00739273,12.8197,0.000709696,0.0447108,-82.2721
25,0.688438,0.688438,0.163548,0.000703782,0.836452,0.0,0.67,0.693592,-95.8521
26,0.912565,0.0861145,0.963248,53.6695,0.0367523,33.0957,2.66217e-08,1.17402e-05,-159.726
27,0.99995,0.0886066,0.15,0.872051,0.85,0.0,0.67,0.692778,3.70814e-14
28,0.99995,0.0886066,0.15,0.872051,0.85,0.0,0.67,0.689545,3.70814e-14
29,0.99995,0.0886066,0.15,0.872051,0.85,0.0,0.67,0.686341,3.70814e-14
30,0.372119,0.0100692,0.685989,0.0136051,0.314011,0.0,0.67,0.68714,-32.0158
31,0.683788,0.683788,0.116409,0.0,0.883591,0.0,0.67,0.700166,-62.0399
32,0.544129,0.022982,1.0,0.0229541,1.43709e-08,0.0,0.67,0.700996,-37.1909
33,1.44832,0.288972,0.990258,23.0193,0.00974237,4.31301,0.0540493,1.0,-142.491
34,1.13075,0.176131,0.978487,90.2533,0.0215132,25.8593,1.00438e-06,0.000221465,-147.11
35,0.270782,0.0141863,0.993515,25.9831,0.00648488,7.78579,0.00909998,0.334424,-50.2549
36,0.192781,0.0,0.0485548,0.0,0.951445,0.0,0.67,0.727759,-27.3061
37,0.99995,0.0886066,0.15,0.872051,0.85,0.0,0.67,0.981628,3.70814e-14
38,0.99995,0.0886066,0.15,0.872051,0.85,0.0,0.67,1.0,3.70814e-14
39,0.99995,0.0886066,0.15,0.872051,0.85,0.0,0.67,1.0,3.70814e-14
40,0.650829,0.228446,1.0,0.229221,1.0e-09,0.0,0.67,0.956214,-127.123
41,0.913634,0.17543,1.0,0.172046,1.0e-09,0.0,0.67,0.957763,-114.215
42,0.424858,0.0,0.04845,0.0,0.95155,0.0,0.67,0.959318,-28.1233
43,0.485199,0.0836201,0.87556,6.3297,0.12444,7.81109,0.00898347,0.344497,-167.466
44,1.30049,0.0239302,0.643741,0.578481,0.356259,0.0,0.67,0.970345,-104.307
45,1.40247,0.279754,0.286799,0.0,0.713201,0.0,0.67,0.968754,-81.3074
46,0.953284,0.0,0.853706,1.05839,0.146294,0.0170637,0.635534,1.0,-117.595
47,1.35149,1.35149,0.091343,0.00391444,0.908657,0.0,0.67,1.0,-130.175
48,0.832044,0.116396,0.972034,10.644,0.0279659,-0.700792,0.67,1.0,-149.116
49,0.257997,0.0,0.960019,0.37645,0.0399815,0.0679258,0.595701,1.0,-29.6198
50,0.364988,0.0534157,0.693004,0.0457936,0.306996,0.0,0.67,1.0,-95.946
51,0.889216,0.0135279,0.677567,0.0,0.322433,0.0,0.67,1.0,-71.5873
52,0.547087,0.0,0.974395,0.707976,0.0256052,0.0403471,0.614643,1.0,-74.7104
53,1.89387,0.0,0.0472974,0.0,0.952703,0.0,0.67,1.0,-66.5132
54,0.982518,0.0,0.923089,1.02554,0.0769109,0.00157036,0.66018,1.0,-110.339
55,1.41473,0.0,0.0485063,0.0,0.951494,0.0,0.67,1.0,-60.7832
56,1.56011,0.0103174,0.892515,0.0103015,0.107485,0.0,0.67,1.0,-104.401
57,0.970357,0.162068,0.9892,0.341623,0.0108003,0.0,0.67,1.0,-119.626
58,2.15116,0.0181355,0.674214,0.0,0.325786,0.0,0.67,1.0,-71.8301
59,1.04604,0.0139635,0.67492,0.0,0.32508,0.0,0.67,1.0,-77.7467
60,0.155564,0.0,0.995587,93.3135,0.00441343,15.8399,0.000154701,0.0136447,-45.446
61,1.40579,0.0140889,0.682143,0.0,0.317857,0.0,0.67,1.0,-122.319
62,0.753303,0.0,0.39613,0.218127,0.60387,0.0,0.67,0.947019,-81.7363
63,0.844619,0.0,0.0465862,0.0,0.953414,0.0,0.67,0.870309,-4.72798
64,0.977384,0.0166456,0.699598,0.0225763,0.300402,0.0,0.67,0.861429,-75.9919
65,1.344,0.0743209,0.696834,0.0734828,0.303166,0.0,0.67,0.882,-95.969
66,0.804092,0.0,0.0484201,0.0,0.95158,0.0,0.67,0.874172,-62.8819
67,2.15867,0.0145148,0.671358,0.0,0.328642,0.0,0.67,0.876766,-88.4995
68,0.542255,0.212,1.0,0.21201,6.48499e-08,0.0,0.67,0.839403,-113.187
69,0.62425,0.0,0.772504,0.451558,0.227496,0.0,0.67,0.840597,-67.7228
70,0.894932,0.258995,0.190802,0.0,0.809198,0.0,0.67,0.838213,-78.4984
71,0.896522,0.0,0.974339,0.89081,0.025661,0.0,0.67,0.833484,-86.3361
72,1.96185,0.0406401,0.726345,0.0484938,0.273655,0.0,0.67,0.852727,-146.316
73,1.17354,1.17354,0.116919,0.0,0.883081,0.0,0.67,0.851499,-113.745
74,1.12154,0.0383847,0.856119,0.506526,0.143881,0.0,0.67,0.855195,-121.302
75,1.23398,1.23398,0.0390871,0.0321056,0.960913,0.0,0.67,0.845408,-80.5254
76,0.579656,0.579656,0.104733,0.0133553,0.895267,0.0,0.67,0.849052,-111.416
77,1.01156,0.266181,1.0,0.266839,1.49012e-09,0.0,0.67,0.924789,-164.471
78,1.32171,0.0254222,0.647061,0.0310616,0.352939,0.0,0.67,0.926238,-115.21
79,2.50439,2.50439,0.021027,0.0,0.978973,0.0,0.67,0.929151,-82.0982
80,0.454284,0.0,0.0484729,0.0,0.951527,0.0,0.67,0.916186,-45.2294
81,0.481596,0.0,0.0484201,0.0,0.95158,0.0,0.67,0.930614,-56.6825
82,1.4302,0.0,0.994452,11.0551,0.00554758,1.9484,0.188179,1.0,-54.5063
83,1.31748,1.31748,0.101202,0.0,0.898798,0.0,0.67,0.940987,-91.1869
84,0.717619,0.0283774,0.678557,0.0334942,0.321443,0.0,0.67,0.935032,-88.7728
85,0.868973,0.828636,0.159428,0.0,0.840572,0.0,0.67,0.914768,-108.665
86,0.734757,0.0,0.511635,0.799024,0.488365,0.0137785,0.639297,1.0,-154.981
87,1.65038,0.0478985,0.797598,0.0520732,0.202402,0.0,0.67,0.891312,-82.9453
88,1.14326,0.0854137,1.0,0.0856382,1.0e-09,0.0,0.67,0.909138,-90.0811
89,0.522139,0.037971,1.0,0.0375553,1.00024e-09,0.0,0.67,0.910539,-68.3391
90,0.457131,0.0,0.961807,3.33908,0.0381935,4.18724,0.0576938,1.0,-76.9385
91,1.01469,0.182844,0.974089,29.4212,0.0259108,2.7686,0.121292,1.0,-183.692
92,1.10228,0.0933712,0.964906,2.57409,0.0350942,0.2237,0.52133,1.0,-106.766
93,1.51637,0.0219717,0.727732,0.0286886,0.272268,0.0,0.67,0.913354,-76.7988
94,0.844619,0.0,0.0465862,0.0,0.953414,0.0,0.67,0.90635,-4.72798
95,0.592217,0.0573468,0.955663,0.853055,0.0443371,0.0588008,0.601557,1.0,-78.6093
96,0.975271,0.0132548,1.0,0.0121809,1.0e-09,0.0,0.67,0.903578,-88.8856
97,0.862975,0.0882265,0.767707,0.076584,0.232293,0.0,0.67,0.904962,-99.1966
98,1.02462,0.0,0.565231,0.746827,0.434769,0.0,0.67,0.902198,-174.592
99,0.805331,0.0430308,0.998319,0.0430313,0.00168091,0.0,0.67,0.900823,-95.3986
100,0.538676,0.0919745,0.969011,1.50782,0.0309886,0.294031,0.495295,1.0,-90.562
101,0.996898,0.0270407,0.594997,0.888708,0.405003,0.0,0.67,0.911944,-144.9
102,0.759984,0.0745468,0.682204,0.834276,0.317796,0.0111122,0.642646,1.0,-119.095
103,1.03251,0.00899182,0.972542,5.99542,0.027458,1.67118,0.218913,1.0,-100.742
104,0.968633,0.0,0.548666,0.350573,0.451334,0.0,0.67,0.907742,-144.442
105,0.933964,0.0144828,0.956398,7.89269,0.0436022,3.26842,0.0931902,1.0,-133.091
106,1.20388,0.1339,1.0,0.133768,1.21072e-09,0.0,0.67,0.899452,-117.266
107,1.21749,0.663799,0.104276,0.0,0.895724,0.0,0.67,0.88997,-92.9256
108,0.451197,0.0596644,0.900148,0.7095,0.0998523,0.126628,0.563561,1.0,-99.4687
109,0.665014,0.00932298,0.743895,0.00925659,0.256105,0.0,0.67,0.888632,-77.1906
110,0.404215,0.0166368,0.72458,0.0199695,0.27542,0.0,0.67,0.887297,-39.3813
111,1.34003,0.00503073,0.676108,0.754106,0.323892,0.0,0.67,0.892659,-144.538
112,0.564355,0.192583,1.0,0.192875,1.0e-09,0.0,0.67,0.896722,-115.759
113,1.02034,0.515554,0.231082,0.0,0.768918,0.0,0.67,0.898085,-111.108
114,0.805216,0.767556,0.254919,0.0,0.745081,0.0,0.67,0.895364,-103.551
115,0.844619,0.0,0.0465862,0.0,0.953414,0.0,0.67,0.894009,-4.72798
116,0.783718,0.110349,0.988993,43.9684,0.0110071,3.01407,0.106535,1.0,-121.844
117,0.692502,0.0124232,0.975534,29.8514,0.0244663,12.2348,0.000953683,0.0560765,-120.215
118,1.23823,0.374677,0.384378,0.0,0.615622,0.0,0.67,0.936513,-148.59
119,1.0005,0.0646385,0.843276,0.781712,0.156724,0.0,0.67,0.933554,-130.944
120,0.933266,0.0,0.678956,0.337305,0.321044,0.0,0.67,0.932082,-119.156
121,0.994636,0.994636,0.244538,0.0,0.755462,0.0,0.67,0.938,-132.767
122,0.615828,0.615828,0.108493,0.0,0.891507,0.0,0.67,0.943994,-66.3309
123,1.10325,0.0,0.0473726,0.0,0.952627,0.0,0.67,0.945504,-103.039
124,1.41961,0.0,0.603211,0.271778,0.396789,0.0,0.67,0.942488,-110.661
125,1.44045,0.0,0.877765,0.725922,0.122235,0.0,0.67,0.939491,-139.613
126,1.03242,0.789742,0.986328,35.9795,0.0136719,2.18401,0.165692,1.0,-247.916
127,0.247123,0.0,0.355835,0.823527,0.644165,2.78082,0.120509,1.0,-142.905
128,0.824853,0.824853,0.444722,0.0,0.555278,0.0,0.67,0.919036,-135.174
129,1.94983,0.394756,1.0,0.393845,1.00117e-09,0.0,0.67,0.920467,-147.413
130,0.713508,0.0,0.796647,0.444253,0.203353,0.0,0.67,0.917609,-101.953
131,0.449194,0.0415419,0.815768,0.64535,0.184232,0.0613496,0.599887,1.0,-81.2777
132,1.44488,0.0,0.975873,0.924307,0.0241274,0.0,0.67,0.921903,-65.8798
133,1.08258,1.08258,0.376372,0.0,0.623628,0.0,0.67,0.927692,-162.464
134,0.483154,0.0786575,0.918026,1.69125,0.0819739,0.333036,0.481984,1.0,-108.356
135,0.0,0.0,0.867312,0.64483,0.132688,8.47253,0.00641613,0.257229,-39.5573
136,0.893575,0.893575,0.0408317,0.0,0.959168,0.0,0.67,0.923344,-76.3839
137,0.871922,0.110437,0.907659,1.78985,0.0923406,0.415805,0.455817,1.0,-118.667
138,1.18094,0.0,0.669101,1.09379,0.330899,0.0,0.67,0.885967,-148.159
139,1.45325,0.212275,1.0,0.211238,1.0e-09,0.0,0.67,0.847834,-147.286
140,0.764706,0.0,0.864683,1.1968,0.135317,0.199903,0.530871,1.0,-80.3585
141,1.11889,0.0894176,1.0,0.0894091,1.00117e-09,0.0,0.67,0.846619,-108.591
142,0.945827,0.222158,0.983296,11.1856,0.0167043,1.62895,0.224055,1.0,-148.025
143,0.709614,0.0933935,1.0,0.0948231,1.0e-09,0.0,0.67,0.850273,-120.773
144,0.607758,0.0363603,0.851956,2.82076,0.148044,6.09951,0.0215329,0.575517,-140.411
145,2.69822,0.0128114,0.676071,0.0,0.323929,0.0,0.67,0.856435,-81.4012
146,1.62601,0.50343,1.0,0.504614,1.21072e-09,0.0,0.67,0.85396,-190.146
147,0.314653,0.0,0.963743,1.48234,0.0362567,1.32615,0.265097,1.0,-57.1277
148,1.22509,0.139447,0.768273,1.39804,0.231727,0.0246143,0.627905,1.0,-158.653
149,0.316605,0.0381175,0.624821,0.0415012,0.375179,0.0,0.67,0.8442,-29.9918
150,1.11118,0.00620994,0.530162,0.431086,0.469838,0.0,0.67,0.835842,-111.368
151,3.77927,0.237614,0.073781,0.0,0.926219,0.0,0.67,0.837025,-14.8803
152,1.25004,0.0401508,0.828766,0.0443515,0.171234,0.0,0.67,0.834661,-92.0148
153,0.761705,0.0,0.98551,5.2832,0.0144897,1.42853,0.25035,1.0,-52.8792
154,0.989592,0.0869769,0.901195,1.23706,0.098805,0.0123754,0.641021,1.0,-127.387
155,0.448676,0.448676,0.243745,0.00808159,0.756255,0.0,0.67,0.841795,-79.4962
156,0.753233,0.131664,0.999998,0.131664,2.20223e-06,0.0,0.67,0.842996,-90.3405
157,1.18884,0.0846447,0.931326,1.29731,0.0686745,0.00219204,0.658338,1.0,-120.556
158,0.54328,0.0,0.838028,0.717187,0.161972,0.0733946,0.592339,1.0,-84.5205
159,1.18999,1.18999,0.352254,0.0,0.647746,0.0,0.67,0.857678,-182.581
160,1.69503,0.118938,0.772041,1.4963,0.227959,0.0,0.67,0.875467,-182.053
161,0.536706,0.0,0.540465,1.70341,0.459535,2.68065,0.127083,1.0,-181.464
162,1.04723,0.226323,0.975957,5.32016,0.0240429,1.08867,0.303288,1.0,-126.095
163,1.01219,0.0721988,0.897246,1.0277,0.102754,-0.000108465,0.67,0.87288,-135.712
164,0.853777,0.318722,1.0,0.318569,4.69685e-08,0.0,0.67,0.878068,-155.109
165,1.89935,0.0586397,1.0,0.0586344,5.33834e-08,0.0,0.67,0.883318,-78.8199
166,0.722444,0.511833,0.492574,0.0,0.507426,0.0,0.67,0.884641,-121.969
167,0.9015,0.145913,0.994056,223.146,0.00594439,16.4905,0.000111476,0.0122902,-119.761
168,1.17081,0.0,0.486059,0.37942,0.513941,0.0,0.67,0.879375,-108.464
169,0.858639,0.372154,0.165853,0.0,0.834147,0.0,0.67,0.880686,-99.2579
170,0.99995,0.0886066,0.15,0.872051,0.85,0.0,0.67,0.871593,3.70814e-14
171,0.905952,0.0,0.860898,1.38247,0.139102,0.343838,0.478417,1.0,-119.002
172,0.784498,0.0128881,0.760546,0.0160207,0.239454,0.0,0.67,0.862686,-101.244
173,1.16147,0.135068,1.0,0.135711,1.0e-09,0.0,0.67,0.860175,-122.545
174,1.0261,0.0330423,0.956376,0.0330426,0.0436245,0.0,0.67,0.858924,-82.5425
175,1.32191,0.0346354,0.542976,0.732585,0.457024,0.0,0.67,0.863947,-149.3
176,1.38295,0.179365,0.804357,0.179363,0.195643,0.0,0.67,0.869029,-152.199
177,0.923728,0.0473807,0.918532,7.98601,0.0814682,7.66782,0.00966364,0.340933,-146.9
178,0.90693,0.0122008,0.665052,0.0155715,0.334948,0.0,0.67,0.867753,-94.2129
179,1.55253,0.0,0.655408,0.403682,0.344592,0.0,0.67,0.865212,-124.108
180,0.924302,0.0742711,1.0,0.0742141,1.00024e-09,0.0,0.67,0.866481,-113.495
181,0.406895,0.0338447,0.717659,0.529885,0.282341,0.0424974,0.61301,1.0,-82.9674
182,1.02225,0.0519215,0.723119,0.050777,0.276881,0.0,0.67,1.0,-76.3486
183,1.22545,0.0203194,0.856521,0.0203201,0.143479,0.0,0.67,1.0,-57.286
184,0.678552,0.139389,0.975325,13.0472,0.0246747,3.10969,0.1013,1.0,-116.155
185,0.726344,0.0802248,0.990961,6.51199,0.00903915,0.992424,0.320579,1.0,-89.3153
186,0.619781,0.0133596,0.90413,2.72966,0.0958703,4.32767,0.0536401,1.0,-114.713
187,0.0,0.0,0.0468245,0.0,0.953175,0.0,0.67,1.0,-4.04965
188,3.43507,0.0,0.0499809,0.0,0.950019,0.0,0.67,1.0,-6.36939
189,0.0,0.0,0.0468245,0.0,0.953175,0.0,0.67,1.0,-3.51898
190,0.0,0.0,0.0468245,0.0,0.953175,0.0,0.67,1.0,-3.84354
191,0.0,0.0,0.0468245,0.0,0.953175,0.0,0.67,1.0,-3.43818
192,0.0,0.0,0.0468245,0.0,0.953175,0.0,0.67,1.0,-3.7045
193,0.844619,0.0,0.0465862,0.0,0.953414,0.0,0.67,1.0,-4.72798
194,0.0,0.0,0.0468245,0.0,0.953175,0.0,0.67,1.0,-4.07637
195,0.858653,0.537155,1.0,0.532706,1.0e-09,0.0,0.67,1.0,-12.7362
196,0.0,0.0,0.922626,26.7036,0.0773736,5.38732,0.0310382,0.760437,-9.93158
197,1.37653,0.0,0.0488072,0.0,0.951193,0.0,0.67,1.0,-7.03838
198,0.0,0.0,0.859212,9.18568,0.140788,2.08825,0.174466,1.0,-10.3376
199,0.0,0.0,0.0468245,0.0,0.953175,0.0,0.67,1.0,-4.07637
200,2.09705,0.0,0.0500809,0.0,0.949919,0.0,0.67,1.0,-6.16914
201,1.58756,0.0,0.0500955,0.0,0.949904,0.0,0.67,1.0,-11.8215
202,1.10791,1.10791,0.180303,0.0,0.819697,0.0,0.67,1.0,-124.159
203,0.770253,0.0,0.567516,0.723247,0.432484,0.0,0.67,1.0,-154.939
204,0.889235,0.14982,1.0,0.149763,1.00117e-09,0.0,0.67,1.0,-67.7994
205,1.30626,0.7912,0.126881,0.0,0.873119,0.0,0.67,1.0,-111.524
206,1.33843,0.058976,1.0,0.0589396,1.00117e-09,0.0,0.67,1.0,-76.876
207,0.971987,0.31868,0.81394,0.0,0.18606,0.0,0.67,1.0,-115.752
208,0.600289,0.0,0.983756,4.28646,0.0162438,2.11543,0.171926,1.0,-66.8941
209,1.12036,0.0,0.640335,0.603767,0.359665,0.0,0.67,1.0,-120.061
210,0.742032,0.36083,0.125823,0.0,0.874177,0.0,0.67,1.0,-89.9503
211,0.49824,0.0,0.977693,5.39863,0.0223069,2.60797,0.132087,1.0,-91.939
212,0.77343,0.0,0.765951,0.750252,0.234049,0.0,0.67,1.0,-109.286
213,0.659398,0.0123956,0.746361,0.0,0.253639,0.0,0.67,1.0,-60.0613
214,0.770561,0.0891373,0.98318,2.80493,0.0168201,0.718974,0.376765,1.0,-108.874
215,0.721789,0.326952,0.251901,0.0,0.748099,0.0,0.67,1.0,-81.9939
216,1.01587,0.109415,0.898453,1.46526,0.101547,0.0753945,0.591134,1.0,-119.709
217,1.47423,0.0,0.775533,1.3104,0.224467,0.0,0.67,1.0,-132.893
218,44.6951,1.66033,1.0,105.759,1.0e-09,-6.00008e-06,0.67,1.0,-8.86654
219,0.0,0.0,0.0468245,0.0,0.953175,0.0,0.67,1.0,-4.04965
220,0.902745,0.027628,1.0,0.0276099,2.04893e-08,0.0,0.67,1.0,-63.9049
221,0.960548,0.00840087,0.604044,1.34764,0.395956,0.169777,0.543623,1.0,-173.494
222,0.818443,0.0,0.868311,0.562678,0.131689,0.0,0.67,1.0,-75.2415
223,1.07943,0.102759,0.750596,1.91004,0.249404,-4.44089e-15,0.67,1.0,-3.84354
224,0.99995,0.0886066,0.15,0.872051,0.85,0.0,0.67,1.0,3.70814e-14
225,0.926417,0.0823012,0.749774,1.38999,0.250226,1.77636e-15,0.67,1.0,-3.43818
226,1.21951,0.0920885,0.974974,0.82677,0.0250257,0.0,0.67,0.967169,-3.7853
227,0.469778,0.0946219,0.952506,19.4868,0.0474941,10.028,0.00291322,0.142748,-150.181
228,0.695122,0.0691041,1.0,0.0673438,1.21072e-09,0.0,0.67,0.965588,-69.6841
229,1.51615,0.0,0.796577,0.653788,0.203423,0.0,0.67,0.964013,-130.025
230,1.06559,0.0670296,0.870165,1.30394,0.129835,0.034802,0.619025,1.0,-132.825
231,1.42749,1.42749,0.376047,0.0,0.623953,0.0,0.67,0.97676,-168.033
232,1.53168,0.144988,0.656113,0.164043,0.343887,0.0,0.67,0.978377,-113.885
233,0.598033,0.598033,0.488946,0.0,0.511054,0.0,0.67,0.975149,-102.905
234,0.755376,0.146206,1.0,0.146024,1.00024e-09,0.0,0.67,0.971941,-89.6297
235,0.649463,0.270056,1.0,0.269924,7.7486e-08,0.0,0.67,0.973542,-134.218
236,0.882234,0.23008,1.0,0.229855,4.69685e-08,0.0,0.67,0.962443,-119.776
237,0.587967,0.218812,1.0,0.219443,1.0e-09,0.0,0.67,0.951594,-116.698
238,0.725074,0.725074,0.22946,0.0172344,0.77054,0.0,0.67,0.953129,-102.965
239,1.34057,0.0,0.837442,0.326886,0.162558,0.0,0.67,0.950064,-77.9749
240,0.966305,0.0174751,0.661649,0.0213645,0.338351,0.0,0.67,0.948539,-61.1638
241,1.84805,0.0,0.0484201,0.0,0.95158,0.0,0.67,0.954669,-56.2511
242,0.668448,0.0547833,0.991645,3.92585,0.0083551,0.112356,0.570719,1.0,-75.8328
243,0.99995,0.0886066,0.15,0.872051,0.85,0.0,0.67,0.960878,3.70814e-14
244,0.850783,0.0118009,0.997114,717.53,0.00288619,19.6729,2.24733e-05,0.00330357,-71.9773
245,0.324422,0.0347622,0.993688,70.5408,0.00631192,4.72353,0.043703,0.988359,-78.2488
246,1.07476,0.0,0.783876,0.820071,0.216124,0.0,0.67,0.98,-119.778
247,1.69109,0.0,0.774728,1.04356,0.225272,0.0,0.67,1.0,-184.905
248,1.1842,0.0557472,1.0,0.0587467,1.00117e-09,0.0,0.67,1.0,-74.5799
249,1.13527,0.29313,0.207381,0.0,0.792619,0.0,0.67,1.0,-83.8099
250,0.893123,0.29558,0.989244,0.433227,0.0107565,0.0,0.67,0.999898,-131.529
251,1.11411,0.269646,0.997498,110.33,0.00250226,2.35862,0.150875,1.0,-147.883
252,0.99995,0.0886066,0.15,0.872051,0.85,0.0,0.67,1.0,3.70814e-14
253,0.99995,0.0886066,0.15,0.872051,0.85,0.0,0.67,1.0,3.70814e-14
254,0.99995,0.0886066,0.15,0.872051,0.85,0.0,0.67,1.0,3.70814e-14
255,1.41924,0.0131957,0.731726,0.0,0.268274,0.0,0.67,1.0,-67.2463
256,0.620636,0.0,0.575553,0.748551,0.424447,0.0548411,0.604208,1.0,-134.538
257,0.452834,0.173855,0.728122,0.0,0.271878,0.0,0.67,0.998209,-74.5724
258,1.70924,0.0159544,0.749256,0.0,0.250744,0.0,0.67,0.9849,-63.1071
259,0.913382,0.0134571,0.673376,0.0,0.326624,0.0,0.67,0.986544,-61.7221
260,1.34337,0.0380172,0.711462,0.0440353,0.288538,0.0,0.67,0.983261,-92.2794
261,1.15927,0.19404,0.960227,3.46593,0.039773,0.0771157,0.590107,1.0,-161.071
262,0.738839,0.0,0.0484201,0.0,0.95158,0.0,0.67,0.988194,-56.7056
263,1.28396,0.0,0.0472961,0.0,0.952704,0.0,0.67,0.994848,-128.797
264,0.851279,0.0,0.0484166,0.0,0.951583,0.0,0.67,0.996526,-61.6568
265,0.268549,0.0302141,1.0,0.0305037,1.49012e-09,0.0,0.67,0.993176,-63.5476
266,0.606906,0.0424985,1.0,0.0424672,1.00117e-09,0.0,0.67,0.989849,-60.8267
267,0.997748,0.0,0.0484045,0.0,0.951596,0.0,0.67,0.99151,-44.8791
268,1.76278,0.0101202,0.635244,0.00905784,0.364756,0.0,0.67,0.83231,-63.619
269,0.98447,0.0,0.05005,0.0,0.94995,0.0,0.67,0.714559,-65.2759
270,0.939243,0.0,0.858363,0.934967,0.141637,0.0,0.67,0.715424,-99.6536
271,0.99995,0.0886066,0.15,0.872051,0.85,0.0,0.67,0.713696,3.70814e-14
272,0.99995,0.0886066,0.15,0.872051,0.85,0.0,0.67,0.712835,3.70814e-14
273,0.99995,0.0886066,0.15,0.872051,0.85,0.0,0.67,0.716291,3.70814e-14
274,0.99995,0.0886066,0.15,0.872051,0.85,0.0,0.67,0.719781,3.70814e-14
275,0.99995,0.0886066,0.15,0.872051,0.85,0.0,0.67,0.720659,3.70814e-14
276,0.99995,0.0886066,0.15,0.872051,0.85,0.0,0.67,0.718905,3.70814e-14
277,0.99995,0.0886066,0.15,0.872051,0.85,0.0,0.67,0.71716,3.70814e-14
278,0.99995,0.0886066,0.15,0.872051,0.85,0.0,0.67,0.718032,3.70814e-14
279,0.99995,0.0886066,0.15,0.872051,0.85,0.0,0.67,0.711976,3.70814e-14
280,0.99995,0.0886066,0.15,0.872051,0.85,0.0,0.67,0.706022,3.70814e-14
281,0.99995,0.0886066,0.15,0.872051,0.85,0.0,0.67,0.706866,3.70814e-14
282,0.99995,0.0886066,0.15,0.872051,0.85,0.0,0.67,0.705179,3.70814e-14
283,0.99995,0.0886066,0.15,0.872051,0.85,0.0,0.67,0.704338,3.70814e-14
284,0.99995,0.0886066,0.15,0.872051,0.85,0.0,0.67,0.707713,3.70814e-14
285,0.99995,0.0886066,0.15,0.872051,0.85,0.0,0.67,0.710264,3.70814e-14
286,0.99995,0.0886066,0.15,0.872051,0.85,0.0,0.67,0.711119,3.70814e-14
287,0.99995,0.0886066,0.15,0.872051,0.85,0.0,0.67,0.709412,3.70814e-14
288,0.99995,0.0886066,0.15,0.872051,0.85,0.0,0.67,0.708561,3.70814e-14
289,0.99995,0.0886066,0.15,0.872051,0.85,0.0,0.67,0.721538,3.70814e-14
290,0.99995,0.0886066,0.15,0.872051,0.85,0.0,0.67,0.734087,3.70814e-14
291,0.99995,0.0886066,0.15,0.872051,0.85,0.0,0.67,0.735,3.70814e-14
292,0.99995,0.0886066,0.15,0.872051,0.85,0.0,0.67,0.733176,3.70814e-14
293,0.99995,0.0886066,0.15,0.872051,0.85,0.0,0.67,0.732268,3.70814e-14
294,0.99995,0.0886066,0.15,0.872051,0.85,0.0,0.67,0.735915,3.70814e-14
295,0.99995,0.0886066,0.15,0.872051,0.85,0.0,0.67,0.739599,3.70814e-14
296,0.99995,0.0886066,0.15,0.872051,0.85,0.0,0.67,0.740526,3.70814e-14
297,0.99995,0.0886066,0.15,0.872051,0.85,0.0,0.67,0.738675,3.70814e-14
298,0.99995,0.0886066,0.15,0.872051,0.85,0.0,0.67,0.736833,3.70814e-14
299,0.99995,0.0886066,0.15,0.872051,0.85,0.0,0.67,0.737753,3.70814e-14
300,0.99995,0.0886066,0.15,0.872051,0.85,0.0,0.67,0.731361,3.70814e-14
301,0.99995,0.0886066,0.15,0.872051,0.85,0.0,0.67,0.724191,3.70814e-14
302,0.99995,0.0886066,0.15,0.872051,0.85,0.0,0.67,0.72508,3.70814e-14
303,0.99995,0.0886066,0.15,0.872051,0.85,0.0,0.67,0.723305,3.70814e-14
304,0.99995,0.0886066,0.15,0.872051,0.85,0.0,0.67,0.722421,3.70814e-14
305,1.54097,0.00971611,0.852195,0.00972111,0.147805,0.0,0.67,0.725971,-61.5434
306,1.18083,0.0,0.719128,0.483322,0.280872,0.0,0.67,0.729556,-116.271
307,1.12643,0.194073,0.256863,0.0,0.743137,0.0,0.67,0.730457,-101.278
308,0.151274,0.0405861,1.0,0.0406923,1.0e-09,0.0,0.67,0.728656,-50.7476
309,0.553263,0.0568833,1.0,0.0569276,1.00117e-09,0.0,0.67,0.726863,-85.6116
310,0.0,0.0,0.671365,6.92102,0.328635,1.38284,0.256814,1.0,-17.5246
311,0.0,0.0,0.0468245,0.0,0.953175,0.0,0.67,0.7035,-3.7045
312,0.99995,0.0886066,0.15,0.872051,0.85,0.0,0.67,0.679241,3.70814e-14
313,0.99995,0.0886066,0.15,0.872051,0.85,0.0,0.67,0.680023,3.70814e-14
314,0.99995,0.0886066,0.15,0.872051,0.85,0.0,0.67,0.678462,3.70814e-14
315,0.99995,0.0886066,0.15,0.872051,0.85,0.0,0.67,0.677683,3.70814e-14
316,0.99995,0.0886066,0.15,0.872051,0.85,0.0,0.67,0.680806,3.70814e-14
317,0.99995,0.0886066,0.15,0.872051,0.85,0.0,0.67,0.683958,3.70814e-14
318,0.99995,0.0886066,0.15,0.872051,0.85,0.0,0.67,0.684751,3.70814e-14
319,0.99995,0.0886066,0.15,0.872051,0.85,0.0,0.67,0.683168,3.70814e-14
320,0.99995,0.0886066,0.15,0.872051,0.85,0.0,0.67,0.681592,3.70814e-14
321,0.99995,0.0886066,0.15,0.872051,0.85,0.0,0.67,0.682379,3.70814e-14
322,0.99995,0.0886066,0.15,0.872051,0.85,0.0,0.67,0.676907,3.70814e-14
323,0.99995,0.0886066,0.15,0.872051,0.85,0.0,0.67,0.671523,3.70814e-14
324,0.99995,0.0886066,0.15,0.872051,0.85,0.0,0.67,0.672287,3.70814e-14
325,0.99995,0.0886066,0.15,0.872051,0.85,0.0,0.67,0.67076,3.70814e-14
326,0.99995,0.0886066,0.15,0.872051,0.85,0.0,0.67,0.67,3.70814e-14
327,0.99995,0.0886066,0.15,0.872051,0.85,0.0,0.67,0.673052,3.70814e-14
328,0.99995,0.0886066,0.15,0.872051,0.85,0.0,0.67,0.67536,3.70814e-14
329,0.99995,0.0886066,0.15,0.872051,0.85,0.0,0.67,0.676133,3.70814e-14
330,0.99995,0.0886066,0.15,0.872051,0.85,0.0,0.67,0.674589,3.70814e-14
331,0.99995,0.0886066,0.15,0.872051,0.85,0.0,0.67,0.67382,3.70814e-14
332,0.99995,0.0886066,0.15,0.872051,0.85,0.0,0.67,0.685545,3.70814e-14
333,0.99995,0.0886066,0.15,0.872051,0.85,0.0,0.67,0.696863,3.70814e-14
334,0.99995,0.0886066,0.15,0.872051,0.85,0.0,0.67,0.697686,3.70814e-14
335,0.99995,0.0886066,0.15,0.872051,0.85,0.0,0.67,0.696042,3.70814e-14
336,0.99995,0.0886066,0.15,0.872051,0.85,0.0,0.67,0.695224,3.70814e-14
337,0.99995,0.0886066,0.15,0.872051,0.85,0.0,0.67,0.698511,3.70814e-14
338,1.11551,0.0,0.559637,0.440804,0.440363,0.0,0.67,0.701829,-132.946
339,0.768762,0.082377,0.75132,0.0719018,0.24868,0.0,0.67,0.702663,-91.3038
340,0.503407,0.070973,0.78703,1.35857,0.21297,0.947303,0.329092,1.0,-129.283
341,1.20142,0.328486,0.31512,0.0,0.68488,0.0,0.67,0.699337,-126.394
342,0.768821,0.0176423,0.998252,439.329,0.00174817,7.01609,0.0134741,0.424434,-76.338
343,0.99995,0.0886066,0.15,0.872051,0.85,0.0,0.67,0.694407,3.70814e-14
344,0.99995,0.0886066,0.15,0.872051,0.85,0.0,0.67,0.687939,3.70814e-14
345,0.99995,0.0886066,0.15,0.872051,0.85,0.0,0.67,0.688741,3.70814e-14
346,1.18398,0.169779,0.806791,1.69954,0.193209,0.0905925,0.582353,1.0,-174.333
347,0.560638,0.0,0.848326,1.13898,0.151674,0.745731,0.370738,1.0,-89.3896
348,0.570898,0.15079,0.760451,1.21117,0.239549,0.316199,0.487644,1.0,-139.769
349,0.488156,0.127179,0.926459,2.42751,0.0735413,1.746,0.210115,1.0,-96.9478
350,0.582834,0.44768,0.988095,60.6894,0.0119045,3.96457,0.0647722,1.0,-178.325
351,0.56141,0.0741204,0.719804,0.0590229,0.280196,0.0,0.67,0.691967,-73.9396
352,1.22001,0.0364593,0.684315,0.0428844,0.315685,0.0,0.67,0.69035,-96.2937
353,0.632589,0.00991017,0.952374,0.627139,0.047626,0.0,0.67,0.691158,-46.1863
354,0.475051,0.133955,0.976204,11.477,0.023796,1.33344,0.264015,1.0,-116.928
355,0.106663,0.0,0.911702,1.19085,0.0882976,2.44072,0.144397,1.0,-45.2417
356,0.872366,0.872366,0.0903456,0.0,0.909654,0.0,0.67,0.799648,-66.479
357,1.44909,0.0,0.0486877,0.0,0.951312,0.0,0.67,0.79749,-63.0709
358,1.0117,1.0117,0.021405,0.0,0.978595,0.0,0.67,0.796415,-64.154
359,1.18245,0.248632,1.0,0.246892,1.0e-09,0.0,0.67,0.800732,-149.397
360,0.87527,0.0814187,0.935657,3.17288,0.0643433,1.04749,0.310547,1.0,-104.98
361,0.391117,0.0147219,0.647337,0.0169687,0.352663,0.0,0.67,0.806194,-45.0313
362,1.61283,0.0202735,0.652743,0.0,0.347257,0.0,0.67,0.804,-82.9634
363,1.72945,0.038336,0.0365395,0.0383357,0.963461,0.0,0.67,0.801818,-100.17
364,0.5718,0.0,0.0484201,0.0,0.95158,0.0,0.67,0.802908,-56.7668
365,0.517831,0.0,0.0484201,0.0,0.95158,0.0,0.67,0.795343,-53.5205
366,0.844619,0.0,0.0465862,0.0,0.953414,0.0,0.67,0.786871,-4.72798
367,1.89456,0.0,0.0484201,0.0,0.95158,0.0,0.67,0.78792,-55.5932
368,0.349266,0.011247,0.744567,0.0138418,0.255433,0.0,0.67,0.785824,-28.0538
369,1.08622,1.08622,0.0607658,0.0212719,0.939234,0.0,0.67,0.784781,-51.0707
370,1.25089,0.0163118,0.682136,0.0215479,0.317864,0.0,0.67,0.788972,-55.769
371,0.4282,0.0,0.996094,418.759,0.00390623,13.8386,0.000424338,0.0340242,-45.0602
372,0.99995,0.0886066,0.15,0.872051,0.85,0.0,0.67,0.794274,3.70814e-14
373,1.33288,0.0,0.952115,1.05475,0.0478847,0.0,0.67,0.792145,-62.9352
374,0.71805,0.029231,0.947763,1.48553,0.0522374,-0.276807,0.67,0.790027,-79.1417
375,1.14719,0.0,0.0484201,0.0,0.95158,0.0,0.67,0.791084,-37.9104
376,1.25565,0.0,0.0487063,0.0,0.951294,0.0,0.67,0.807295,-54.9234
377,0.47281,0.048894,0.79695,1.1965,0.20305,0.508404,0.429248,1.0,-98.6101
378,0.641926,0.0,0.0484201,0.0,0.95158,0.0,0.67,0.824184,-29.7318
379,1.38285,0.0,0.954506,3.10974,0.045494,0.43585,0.449846,1.0,-98.2945
380,0.422957,0.0,0.0484201,0.0,0.95158,0.0,0.67,0.82075,-23.8688
381,0.766067,0.0,0.546138,0.381204,0.453862,0.0,0.67,0.825335,-85.5981
382,1.01819,0.0,0.0500335,0.0,0.949967,0.0,0.67,0.829972,-30.5616
383,0.922371,0.13479,0.993477,0.0,0.00652317,0.0,0.67,0.831139,-103.85
384,0.95231,0.95231,0.10049,0.0,0.89951,0.0,0.67,0.828808,-60.9091
385,0.754278,0.754278,0.450119,0.0,0.549881,0.0,0.67,0.82649,-101.291
386,0.880266,0.028503,0.969873,6.0987,0.0301268,1.48384,0.242766,1.0,-72.34
387,1.16796,0.13136,0.866682,1.1212,0.133318,0.0,0.67,0.819612,-105.926
388,0.309454,0.00849951,0.992123,58.124,0.00787704,8.48889,0.00636296,0.267244,-49.3157
389,0.965837,0.063352,0.968278,12.756,0.0317216,3.40153,0.0869061,1.0,-108.539
390,1.09853,0.0176456,0.6628,0.0,0.3372,0.0,0.67,0.809507,-66.8365
391,0.439386,0.0105897,0.682462,0.0144584,0.317538,0.0,0.67,0.808399,-47.9307
392,0.950368,0.0172046,0.659445,0.0205747,0.340555,0.0,0.67,0.812847,-93.4592
393,1.31867,0.0181629,0.655282,0.0,0.344718,0.0,0.67,0.817344,-70.9804
394,0.763446,0.763446,0.037952,0.0,0.962048,0.0,0.67,0.818476,-33.3918
395,0.777234,0.0,0.962128,21.3044,0.0378718,6.87681,0.0144674,0.440009,-81.6468
396,0.0,0.0,0.985838,15.5999,0.0141615,4.92797,0.0393247,0.937417,-22.1445
397,2.44728,0.0304704,0.776828,0.036511,0.223172,0.0,0.67,0.81509,-106.965
398,0.666062,0.0,0.99434,179.764,0.00566032,15.9312,0.000147749,0.0144794,-45.1879
399,1.09807,0.555306,0.0399794,0.0,0.960021,0.0,0.67,0.75375,-39.4997
400,0.275875,0.0162117,0.695713,0.0194109,0.304287,0.0,0.67,0.754713,-37.0318
401,1.69652,0.0615557,1.0,0.0615582,1.10674e-07,0.0,0.67,0.75279,-57.6616
402,2.5629,0.0192068,0.751783,0.000128679,0.248217,0.0,0.67,0.751832,-55.2808
403,1.02732,0.0637737,0.670425,0.0616277,0.329575,0.0,0.67,0.755678,-74.6505
404,1.24857,0.283139,0.468982,0.0,0.531018,0.0,0.67,0.759563,-79.588
405,1.37635,0.0,0.0471497,0.0,0.95285,0.0,0.67,0.760541,-31.102
406,0.331706,0.0,0.00500314,0.0,0.994997,0.0,0.67,0.758588,-15.0444
407,2.32798,0.0,0.0484685,0.0,0.951532,0.0,0.67,0.756645,-39.2379
408,0.883733,0.0,0.0503863,0.0,0.949614,0.0,0.67,0.757615,-25.4619
409,2.19512,0.0633175,0.756578,0.467741,0.243422,0.0,0.67,0.750877,-90.4411
410,2.1448,0.0,0.0500443,0.0,0.949956,0.0,0.67,0.744257,-36.5286
411,1.78047,1.78047,0.348049,0.0,0.651951,0.0,0.67,0.745195,-127.492
412,0.67864,0.0,0.0484201,0.0,0.95158,0.0,0.67,0.743321,-32.7093
413,2.55397,0.0,0.0472961,0.0,0.952704,0.0,0.67,0.742387,-34.0949
414,1.05592,0.0,0.990785,42.8326,0.00921479,4.80628,0.0418742,0.971922,-59.2319
415,1.19241,0.0135353,1.0,0.0135115,2.90633e-08,0.0,0.67,0.748973,-39.7776
416,0.679934,0.0471222,1.0,0.0470384,1.00024e-09,0.0,0.67,0.749924,-38.7448
417,1.28452,0.10173,1.0,0.101425,1.00024e-09,0.0,0.67,0.748025,-79.1984
418,1.13222,0.167619,0.111185,0.0,0.888815,0.0,0.67,0.74708,-55.3205
419,0.988881,0.0,0.0484178,0.0,0.951582,0.0,0.67,0.761521,-59.3181
420,2.02989,0.0,0.0472961,0.0,0.952704,0.0,0.67,0.775512,-37.8618
421,0.7339,0.0,0.0472961,0.0,0.952704,0.0,0.67,0.776531,-37.2959
422,1.55985,0.0,0.048522,0.0,0.951478,0.0,0.67,0.774495,-61.0874
423,2.89275,0.0,0.968357,0.800728,0.0316434,0.0,0.67,0.773482,-57.2002
424,0.112361,0.0,0.065065,0.0,0.934935,0.0,0.67,0.777553,-18.5151
425,1.66782,0.0,0.0484984,0.0,0.951502,0.0,0.67,0.781667,-61.0242
426,0.92484,0.0,0.065,0.0,0.935,0.0,0.67,0.782702,-25.103
427,0.71243,0.0,0.0472961,0.0,0.952704,0.0,0.67,0.780634,-36.0664
428,0.945106,0.0,0.943236,0.987121,0.0567638,0.00203549,0.658776,1.0,-61.571
429,0.89743,0.0115425,0.848632,0.0115384,0.151368,0.0,0.67,0.779604,-30.2077
430,1.07661,0.0618752,1.0,0.0618983,1.00051e-09,0.0,0.67,0.772471,-49.0043
431,1.84633,0.0122538,0.643386,0.0115689,0.356614,0.0,0.67,0.764476,-44.3405
432,1.49491,0.0551751,0.999999,0.0551737,6.07205e-07,0.0,0.67,0.765466,-59.4078
433,1.58557,0.0648738,0.999995,0.0648722,5.26325e-06,0.0,0.67,0.763488,-54.2905
434,1.52407,0.0,0.0472634,0.0,0.952737,0.0,0.67,0.762503,-33.658
435,0.801395,0.255472,0.13734,0.0,0.86266,0.0,0.67,0.766459,-50.5793
436,0.930724,0.0,0.0484166,0.0,0.951583,0.0,0.67,0.770456,-45.1993
437,1.11816,0.0829943,1.0,0.0830273,1.0e-09,0.0,0.67,0.771462,-75.4753
438,1.22073,0.0,0.0472884,0.0,0.952712,0.0,0.67,0.769453,-71.5418
439,1.51557,0.0,0.0484201,0.0,0.95158,0.0,0.67,0.767455,-58.353
440,0.866337,0.0,0.0373607,0.0,0.962639,0.0,0.67,0.768453,-46.6092
441,0.737127,0.0,0.0484201,0.0,0.95158,0.0,0.67,1.0,-21.2247
442,0.764699,0.0,0.0484201,0.0,0.95158,0.0,0.67,1.0,-28.096
443,2.56218,0.209148,0.752715,0.206987,0.247285,0.0,0.67,1.0,-100.693
444,0.884801,0.0,0.911696,3.84632,0.0883037,2.5175,0.138603,1.0,-60.9551
445,0.871044,0.0,0.940586,0.408965,0.0594136,0.0,0.67,1.0,-51.4858
446,1.4618,0.231276,0.147859,0.0,0.852141,0.0,0.67,1.0,-56.9132
447,0.553209,0.0461969,0.635994,0.0456052,0.364006,0.0,0.67,1.0,-34.4643
448,0.923474,0.0117182,0.999999,0.0117229,1.33084e-06,0.0,0.67,1.0,-33.8177
449,1.02184,0.0,0.0484082,0.0,0.951592,0.0,0.67,1.0,-46.0118
450,1.26071,0.0121059,0.978159,0.0121214,0.0218412,0.0,0.67,1.0,-46.4303
451,1.06165,0.0,0.0484201,0.0,0.95158,0.0,0.67,1.0,-26.2149
452,1.40025,0.0,0.0501038,0.0,0.949896,0.0,0.67,1.0,-40.3
453,1.66288,0.023458,0.798693,0.023458,0.201307,0.0,0.67,1.0,-39.7405
454,1.30082,0.0,0.0500144,0.0,0.949986,0.0,0.67,1.0,-52.2179
455,1.45828,0.100998,0.71971,0.0967815,0.28029,0.0,0.67,1.0,-64.1253
456,0.8103,0.0109062,0.752403,0.0142716,0.247597,0.0,0.67,1.0,-56.4554
457,0.874325,0.0,0.0484201,0.0,0.95158,0.0,0.67,1.0,-27.933
458,0.710304,0.0,0.542994,0.444343,0.457006,0.0,0.67,1.0,-77.2254
459,1.91224,0.0,0.0416014,0.0,0.958399,0.0,0.67,1.0,-48.3683
460,0.970677,0.0,0.0484201,0.0,0.95158,0.0,0.67,1.0,-25.0218
461,0.844619,0.0,0.0465862,0.0,0.953414,0.0,0.67,1.0,-4.72798
462,1.61648,0.0,0.0500841,0.0,0.949916,0.0,0.67,1.0,-42.8781
463,0.707566,0.0,0.0484201,0.0,0.95158,0.0,0.67,1.0,-27.3664
464,0.96108,0.0,0.0484201,0.0,0.95158,0.0,0.67,1.0,-48.1134
465,0.603292,0.0525737,0.609822,0.0517467,0.390178,0.0,0.67,1.0,-45.1675
466,0.38545,0.0,0.0501089,0.0,0.949891,0.0,0.67,1.0,-31.0782
467,0.705536,0.0,0.0484201,0.0,0.95158,0.0,0.67,1.0,-25.3414
468,0.860538,0.0,0.0472961,0.0,0.952704,0.0,0.67,1.0,-40.5796
469,1.44105,0.0,0.0502164,0.0,0.949784,0.0,0.67,1.0,-26.9425
470,0.844619,0.0,0.0465862,0.0,0.953414,0.0,0.67,1.0,-4.12555
471,0.87253,0.0,0.981783,51.2025,0.0182168,9.40044,0.00400492,0.176617,-76.6729
472,1.4163,0.0,0.0484201,0.0,0.95158,0.0,0.67,1.0,-32.0698
473,1.26006,0.0,0.05,0.0,0.95,0.0,0.67,1.0,-48.7002
474,1.56369,0.0,0.0484201,0.0,0.95158,0.0,0.67,1.0,-50.1233
475,0.545136,0.0,0.0483994,0.0,0.951601,0.0,0.67,1.0,-40.2033
476,0.450431,0.0,0.0473545,0.0,0.952645,0.0,0.67,1.0,-46.3758
477,1.15824,0.141187,0.848111,0.0,0.151889,0.0,0.67,1.0,-87.2195
478,1.24619,0.0,0.985851,15.2664,0.0141495,2.62974,0.130567,1.0,-63.3756
479,0.0984001,0.0984001,0.43518,0.0,0.56482,0.0,0.67,1.0,-25.5599
480,0.933529,0.0,0.0473503,0.0,0.95265,0.0,0.67,1.0,-67.4039
481,0.424513,0.0,0.0484201,0.0,0.95158,0.0,0.67,1.0,-25.7188
482,0.333542,0.0,0.879221,3.18181,0.120779,5.41336,0.0306253,0.771759,-72.4447
483,0.653005,0.0218928,0.691352,0.0273908,0.308648,0.0,0.67,1.0,-66.2262
484,0.899707,0.328505,1.0,0.328365,5.30539e-08,0.0,0.67,1.0,-90.1445
485,1.76768,0.0,0.0473107,0.0,0.952689,0.0,0.67,1.0,-36.2463
486,1.4173,0.292265,1.0,0.291839,1.49012e-08,0.0,0.67,1.0,-103.623
487,0.659837,0.0,0.0472961,0.0,0.952704,0.0,0.67,1.0,-35.2403
488,0.966199,0.0,0.0484201,0.0,0.95158,0.0,0.67,1.0,-45.3949
489,2.07093,0.184807,0.962167,2.99,0.0378327,0.0497283,0.607747,1.0,-95.0071
490,3.81856,0.0232501,0.644672,0.0,0.355328,0.0,0.67,1.0,-57.6072
491,1.98867,0.209408,1.0,0.209519,1.00117e-09,0.0,0.67,1.0,-90.1828
492,1.42091,0.0,0.0483902,0.0,0.95161,0.0,0.67,1.0,-42.4943
493,0.861023,0.861023,0.406418,0.0,0.593582,0.0,0.67,1.0,-100.383
494,0.665947,0.0907864,1.0,0.0955259,1.00024e-09,0.0,0.67,1.0,-69.8887
495,1.28706,0.0,0.0484201,0.0,0.95158,0.0,0.67,1.0,-52.3171
496,0.863242,0.0,0.931409,1.37542,0.0685906,0.0929191,0.581062,1.0,-66.823
497,0.875237,0.0,0.0472669,0.0,0.952733,0.0,0.67,1.0,-41.6519
498,0.932194,0.932194,0.561207,0.0,0.438793,0.0,0.67,1.0,-125.663
499,6.77075,1.31352,0.179332,0.0,0.820668,0.0,0.67,1.0,-52.5345
500,0.519799,0.0,0.0472961,0.0,0.952704,0.0,0.67,1.0,-37.5329
501,1.76641,1.76641,0.0482089,0.0334787,0.951791,0.0,0.67,1.0,-91.0871
502,0.0,0.0,0.870857,0.300975,0.129143,1.08419,0.304068,1.0,-22.7772
503,0.257314,0.114868,0.969406,6.87489,0.0305937,3.83361,0.0693431,1.0,-62.7965
504,1.15944,0.0,0.0472961,0.0,0.952704,0.0,0.67,1.0,-46.5492
505,1.48317,0.0,0.0472822,0.0,0.952718,0.0,0.67,1.0,-63.5413
506,1.63502,0.334705,0.0564714,0.0,0.943529,0.0,0.67,1.0,-67.9403
507,1.2126,1.2126,0.0246567,0.0,0.975343,0.0,0.67,1.0,-54.4289
508,0.909142,0.116681,1.0,0.116599,1.00024e-09,0.0,0.67,1.0,-90.1425
509,1.12935,0.0,0.0472609,0.0,0.952739,0.0,0.67,1.0,-68.8775
510,1.11189,0.647685,0.246307,0.0,0.753693,0.0,0.67,1.0,-65.3045
511,2.32011,0.191726,1.0,0.191747,1.00117e-09,0.0,0.67,1.0,-81.2912
512,1.87587,0.0247445,0.998381,0.0247445,0.00161879,0.0,0.67,1.0,-66.5044
513,1.48299,0.0,0.0525572,0.0,0.947443,0.0,0.67,1.0,-44.8284
514,1.25292,0.0,0.0484201,0.0,0.95158,0.0,0.67,1.0,-47.4626
515,0.943693,0.0,0.0484201,0.0,0.95158,0.0,0.67,1.0,-56.3245
516,0.402247,0.0,0.0474758,0.0,0.952524,0.0,0.67,1.0,-45.2989
517,1.01936,0.0,0.0484201,0.0,0.95158,0.0,0.67,1.0,-42.1873
518,2.05519,2.05519,0.0190759,0.0,0.980924,0.0,0.67,1.0,-94.3481
519,1.04076,0.0,0.0501049,0.0,0.949895,0.0,0.67,1.0,-31.5219
520,0.991868,0.0231034,0.681068,0.0274537,0.318932,0.0,0.67,1.0,-43.7204
521,0.837519,0.0,0.0484201,0.0,0.95158,0.0,0.67,1.0,-43.2224
522,0.821332,0.0,0.0484201,0.0,0.95158,0.0,0.67,1.0,-25.1587
523,1.86839,0.0771844,0.565918,0.075615,0.434082,0.0,0.67,1.0,-71.9726
524,0.653154,0.0,0.0484201,0.0,0.95158,0.0,0.67,1.0,-48.2954
525,0.733218,0.733218,0.0394833,0.0,0.960517,0.0,0.67,1.0,-55.4531
526,1.23906,0.0,0.0472961,0.0,0.952704,0.0,0.67,1.0,-61.8528
527,0.835487,0.0,0.986908,18.069,0.0130924,3.47507,0.0836222,1.0,-44.2937
528,0.491336,0.0,0.0472961,0.0,0.952704,0.0,0.67,1.0,-41.1871
529,1.32311,0.0,0.0472961,0.0,0.952704,0.0,0.67,1.0,-79.001
530,1.46488,0.0,0.0472974,0.0,0.952703,0.0,0.67,1.0,-65.9263
531,0.399772,0.0,0.0484962,0.0,0.951504,0.0,0.67,1.0,-17.9446
532,0.856809,0.0,0.0484201,0.0,0.95158,0.0,0.67,1.0,-41.7165
533,0.72721,0.0108297,0.745373,0.0148073,0.254627,0.0,0.67,1.0,-36.9214
534,0.802313,0.0751377,1.0,0.0751705,1.00024e-09,0.0,0.67,1.0,-60.2662
535,1.20997,0.334019,0.0780635,0.0,0.921936,0.0,0.67,1.0,-69.4664
536,1.58148,0.116224,1.0,0.11639,1.00117e-09,0.0,0.67,1.0,-86.6546
537,1.53478,0.0,0.0472961,0.0,0.952704,0.0,0.67,1.0,-59.0225
538,0.669196,0.18175,1.0,0.181809,1.21072e-09,0.0,0.67,1.0,-66.7198
539,0.768612,0.0,0.00501,0.0,0.99499,0.0,0.67,1.0,-26.9634
540,0.723956,0.0,0.0472961,0.0,0.952704,0.0,0.67,1.0,-43.9936
541,1.15529,0.119132,0.976389,25.1518,0.0236106,1.47726,0.243655,1.0,-105.954
542,1.24831,1.24831,0.0238008,0.0,0.976199,0.0,0.67,1.0,-39.5974
543,0.286159,0.0690764,0.652,0.0771136,0.348,0.0,0.67,1.0,-52.5909
544,1.02416,0.0224996,0.754918,0.0231612,0.245082,0.0,0.67,1.0,-52.2888
545,1.07774,0.453947,0.659967,0.0,0.340033,0.0,0.67,1.0,-96.2378
546,1.98138,0.012676,1.0,0.0126656,3.67612e-07,0.0,0.67,1.0,-67.0087
547,0.816564,0.0,0.0484201,0.0,0.95158,0.0,0.67,1.0,-42.7302
548,1.26838,0.0,0.0499548,0.0,0.950045,0.0,0.67,1.0,-47.3597
549,1.55565,0.211058,1.0,0.210586,1.00024e-09,0.0,0.67,1.0,-98.6649
550,1.82929,0.0,0.680671,1.07451,0.319329,0.0,0.67,1.0,-112.008
551,1.18314,0.181332,1.0,0.181227,1.0e-09,0.0,0.67,1.0,-73.7906
552,1.36239,0.0540763,1.0,0.0540261,1.93213e-08,0.0,0.67,1.0,-82.9978
553,2.54101,2.54101,0.0185238,0.0,0.981476,0.0,0.67,1.0,-62.9977
554,0.680597,0.0,0.0472961,0.0,0.952704,0.0,0.67,1.0,-41.8241
555,0.957801,0.0,0.0472961,0.0,0.952704,0.0,0.67,1.0,-61.9387
556,0.540489,0.0,0.0484201,0.0,0.95158,0.0,0.67,1.0,-49.8833
557,1.38788,0.0,0.0505972,0.0,0.949403,0.0,0.67,1.0,-58.892
558,0.57869,0.0,0.73936,0.380862,0.26064,0.0,0.67,1.0,-60.1529
559,1.27205,1.27205,0.118615,0.0,0.881385,0.0,0.67,1.0,-58.989
560,0.068387,0.0,0.0484201,0.0,0.95158,0.0,0.67,1.0,-15.3023
561,0.644321,0.355533,0.0544293,0.0,0.945571,0.0,0.67,1.0,-33.8485
562,1.24655,0.841948,0.125649,0.0,0.874351,0.0,0.67,1.0,-63.1669
563,0.84464,0.112941,0.984415,7.26518,0.015585,0.979146,0.323056,1.0,-72.7014
564,0.752776,0.302535,0.381951,0.302523,0.618049,0.0,0.67,1.0,-72.0643
565,0.911838,0.0632246,0.767581,0.0758812,0.232419,0.0,0.67,1.0,-57.896
566,0.694803,0.0142333,0.986055,60.9272,0.0139449,5.81258,0.0249464,0.647138,-54.7829
567,1.47778,0.0,0.0472849,0.0,0.952715,0.0,0.67,1.0,-37.408
568,0.61018,0.0,0.0484685,0.0,0.951531,0.0,0.67,1.0,-29.1593
569,0.319701,0.10692,1.0,0.10655,1.0e-09,0.0,0.67,1.0,-54.4123
570,0.769401,0.100328,0.99093,33.4352,0.00907043,6.68022,0.0159964,0.455123,-75.6422
571,0.75857,0.0,0.0501622,0.0,0.949838,0.0,0.67,1.0,-37.2147
572,1.91191,0.0,0.0484082,0.0,0.951592,0.0,0.67,1.0,-69.9856
573,2.10923,0.0,0.0484201,0.0,0.95158,0.0,0.67,1.0,-36.8936
574,0.795732,0.0,0.0472961,0.0,0.952704,0.0,0.67,1.0,-41.9823
575,1.59753,0.0316632,0.986825,0.0316663,0.0131753,0.0,0.67,1.0,-78.3386
576,0.968047,0.968047,0.0273011,0.0,0.972699,0.0,0.67,1.0,-37.3413
577,0.801833,0.801833,0.0359386,0.0,0.964061,0.0,0.67,1.0,-56.255
578,0.658431,0.0,0.0472961,0.0,0.952704,0.0,0.67,1.0,-47.0363
579,1.23243,0.0,0.982895,9.83004,0.0171049,1.94483,0.188544,1.0,-68.1201
580,1.37919,0.0,0.993687,211.459,0.00631279,6.85926,0.0145977,0.429173,-79.0754
581,1.9945,0.443291,0.326854,0.0,0.673146,0.0,0.67,1.0,-98.123
582,0.583138,0.0,0.0484201,0.0,0.95158,0.0,0.67,1.0,-27.3681
583,0.389967,0.0,0.0484201,0.0,0.95158,0.0,0.67,1.0,-17.8825
584,1.05595,0.0211321,0.701679,0.0283531,0.298321,0.0,0.67,1.0,-35.6729
585,2.12957,0.0,0.0474959,0.0,0.952504,0.0,0.67,1.0,-35.4349
586,1.27007,0.0,0.0472961,0.0,0.952704,0.0,0.67,1.0,-36.1818
587,1.10305,0.0,0.0472961,0.0,0.952704,0.0,0.67,1.0,-44.8411
588,0.155433,0.0,0.0484658,0.0,0.951534,0.0,0.67,1.0,-27.7023
589,0.893424,0.0108598,0.677633,0.0131742,0.322367,0.0,0.67,1.0,-43.3193
590,2.58372,0.415727,0.326775,0.0,0.673225,0.0,0.67,1.0,-67.9018
591,0.357093,0.0111652,0.69971,0.0137536,0.30029,0.0,0.67,1.0,-29.3276
592,0.374342,0.0,0.0485654,0.0,0.951435,0.0,0.67,1.0,-31.0948
593,0.832669,0.0,0.065,0.0,0.935,0.0,0.67,1.0,-46.8608
594,0.600172,0.0,0.0473436,0.0,0.952656,0.0,0.67,1.0,-36.8429
595,1.17814,1.17814,0.0250388,0.0,0.974961,0.0,0.67,1.0,-54.1395
596,0.806685,0.0,0.0484201,0.0,0.95158,0.0,0.67,1.0,-37.7239
597,0.854458,0.0,0.0484201,0.0,0.95158,0.0,0.67,1.0,-26.3794
598,0.70721,0.70721,0.0322049,0.0,0.967795,0.0,0.67,1.0,-29.3034
599,0.588622,0.0,0.0472961,0.0,0.952704,0.0,0.67,1.0,-44.5803
600,1.38805,0.0164306,0.748394,0.000599967,0.251606,0.0,0.67,1.0,-41.7166
601,2.147,0.0,0.0472884,0.0,0.952712,0.0,0.67,1.0,-64.9553
602,0.987493,0.0581713,1.0,0.0586862,1.01328e-09,0.0,0.67,1.0,-43.8616
603,1.03235,0.0,0.0472961,0.0,0.952704,0.0,0.67,1.0,-62.3933
604,0.151531,0.151531,1.001e-06,0.20704,0.999999,0.19415,0.533244,1.0,-64.0991
605,0.772391,0.0642348,1.0,0.0642326,4.58586e-07,0.0,0.67,1.0,-53.0823
606,0.475604,0.017903,0.876258,0.0179046,0.123742,0.0,0.67,1.0,-40.5479
607,1.19404,0.0,0.0472961,0.0,0.952704,0.0,0.67,1.0,-51.3311
608,1.66664,1.12333,0.121125,0.0216654,0.878875,0.0,0.67,1.0,-74.8123
609,1.07639,0.0,0.0484201,0.0,0.95158,0.0,0.67,1.0,-25.7434
610,2.59997,0.0,0.0484201,0.0,0.95158,0.0,0.67,1.0,-41.2466
611,2.24886,0.0,0.0485064,0.0,0.951494,0.0,0.67,1.0,-36.9224
612,1.07226,1.07226,0.206482,0.0,0.793518,0.0,0.67,1.0,-79.5053
613,2.20731,0.0,0.0472961,0.0,0.952704,0.0,0.67,1.0,-89.6973
614,0.673482,0.0,0.0484201,0.0,0.95158,0.0,0.67,1.0,-36.0634
615,0.556707,0.0,0.981589,67.6217,0.0184107,6.56346,0.0169805,0.468024,-52.5467
616,0.361476,0.0,0.985081,39.7309,0.0149191,3.97534,0.0644105,1.0,-42.2228
617,0.726546,0.726546,0.03144,0.0,0.96856,0.0,0.67,1.0,-30.74
618,1.36349,1.36349,0.023179,0.0,0.976821,0.0,0.67,1.0,-59.3333
619,0.765423,0.100512,1.0,0.100365,1.00028e-09,0.0,0.67,1.0,-53.4392
620,1.28488,0.0,0.935723,2.08659,0.064277,0.138018,0.558071,1.0,-73.7748
621,0.75183,0.0,0.0421885,0.0,0.957812,0.0,0.67,1.0,-25.6904
622,1.35822,0.0,0.0473864,0.0,0.952614,0.0,0.67,1.0,-71.0208
623,0.843699,0.0168032,0.735613,0.0,0.264387,0.0,0.67,1.0,-31.0462
624,0.583577,0.0,0.048413,0.0,0.951587,0.0,0.67,1.0,-22.4216
625,0.432377,0.0,0.0473683,0.0,0.952632,0.0,0.67,1.0,-35.1968
626,1.17399,0.0,0.0483994,0.0,0.951601,0.0,0.67,1.0,-60.3297
627,1.14078,0.0,0.485472,0.295523,0.514528,0.0,0.67,1.0,-91.7473
628,1.37337,0.0,0.0486186,0.0,0.951381,0.0,0.67,1.0,-66.0427
629,0.955979,0.0,0.0484201,0.0,0.95158,0.0,0.67,1.0,-40.913
630,0.837477,0.0,0.0472961,0.0,0.952704,0.0,0.67,1.0,-41.9673
631,3.91923,0.0,0.0484201,0.0,0.95158,0.0,0.67,1.0,-48.168
632,0.844619,0.0,0.0465862,0.0,0.953414,0.0,0.67,1.0,-4.12555
633,0.438476,0.0,0.0486243,0.0,0.951376,0.0,0.67,1.0,-21.9256
634,0.88911,0.0,0.0472961,0.0,0.952704,0.0,0.67,1.0,-46.4753
635,0.844619,0.0,0.0465862,0.0,0.953414,0.0,0.67,1.0,-4.12555
636,1.04302,0.0,0.0472961,0.0,0.952704,0.0,0.67,1.0,-42.4788
637,1.4838,0.936192,0.0345745,0.0,0.965426,0.0,0.67,1.0,-64.193
638,0.424583,0.0107849,0.697046,0.0149543,0.302954,0.0,0.67,1.0,-49.1847
639,0.99185,0.0166004,0.738557,0.0,0.261443,0.0,0.67,1.0,-42.9675
640,0.812336,0.057992,1.0,0.0582947,1.0e-09,0.0,0.67,1.0,-44.9375
641,2.00058,0.000308015,0.837719,0.851974,0.162281,0.0,0.67,1.0,-81.0338
642,0.917349,0.0,0.0500045,0.0,0.949995,0.0,0.67,1.0,-45.529
643,0.913846,0.0910934,1.0,0.091129,1.00001e-09,0.0,0.67,1.0,-54.4564
644,1.68172,0.0928002,1.0,0.0927525,1.00049e-09,0.0,0.67,1.0,-53.1159
645,0.935172,0.0,0.656239,0.767294,0.343761,0.0,0.67,1.0,-102.786
646,1.84163,0.110184,0.623832,0.109671,0.376168,0.0,0.67,1.0,-85.341
647,0.637963,0.0259953,0.684613,0.0308186,0.315387,0.0,0.67,1.0,-33.4147
648,1.35971,0.946235,0.0342445,0.0,0.965756,0.0,0.67,1.0,-62.6384
649,2.57468,0.216725,0.180891,0.0,0.819109,0.0,0.67,1.0,-27.9154
650,1.86073,0.0646818,1.0,0.0645839,1.00117e-09,0.0,0.67,1.0,-95.1134
651,0.864108,0.0,0.988396,28.5235,0.0116044,4.36482,0.0526172,1.0,-55.7974
652,1.5256,0.0958955,0.938358,2.62592,0.0616421,0.0819119,0.587292,1.0,-87.4452
653,0.632384,0.038272,0.789849,0.0383208,0.210151,0.0,0.67,1.0,-50.0562
654,0.844619,0.0,0.0465862,0.0,0.953414,0.0,0.67,1.0,-4.12555
655,0.587959,0.0410017,1.0,0.0404826,1.0e-09,0.0,0.67,1.0,-38.3303
656,1.17675,0.0410035,0.708951,0.0497763,0.291049,0.0,0.67,1.0,-48.3453
657,0.49807,0.0,0.0484201,0.0,0.95158,0.0,0.67,1.0,-20.8563
658,1.47922,0.0800796,0.700693,0.0804156,0.299307,0.0,0.67,1.0,-64.9923
659,1.45011,0.278289,0.643713,0.0,0.356287,0.0,0.67,1.0,-71.6033
660,0.399513,0.0,0.0486139,0.0,0.951386,0.0,0.67,1.0,-37.448
661,0.577752,0.351365,0.992808,0.351366,0.00719218,0.0,0.67,1.0,-88.7249
662,1.49084,0.0360033,0.645223,0.0443019,0.354777,0.0,0.67,1.0,-85.1608
663,1.62146,0.0,0.0484201,0.0,0.95158,0.0,0.67,1.0,-52.4765
664,1.03822,0.307141,1.0,0.307415,1.49012e-09,0.0,0.67,1.0,-89.4669
665,0.422904,0.0424463,0.920733,0.82858,0.0792671,0.138149,0.558009,1.0,-45.3161
666,0.980683,0.0736642,0.974129,2.58046,0.0258708,0.0556004,0.603694,1.0,-71.9653
667,0.730501,0.0,0.967901,1.05894,0.0320991,0.077779,0.589714,1.0,-41.1363
668,1.35179,0.206584,1.0,0.207123,3.45707e-09,0.0,0.67,1.0,-70.3252
669,0.844351,0.0718185,1.0,0.0719487,1.00117e-09,0.0,0.67,1.0,-58.2194
670,0.957212,0.0,0.0472961,0.0,0.952704,0.0,0.67,1.0,-42.9383
671,0.94501,0.0521697,0.894871,1.37052,0.105129,0.0427449,0.612824,1.0,-66.3691
672,0.64394,0.0758468,0.895669,1.35186,0.104331,0.232799,0.51779,1.0,-64.0661
673,0.765003,0.0618697,1.95313e-06,0.061875,0.999998,0.0,0.67,1.0,-80.6571
674,0.651752,0.0157067,0.761645,0.0160008,0.238355,0.0,0.67,1.0,-42.8837
675,1.8584,0.822459,0.157331,0.0,0.842669,0.0,0.67,1.0,-63.1539
676,2.53562,0.0,0.0484175,0.0,0.951583,0.0,0.67,1.0,-75.0961
677,1.79874,0.0,0.0472974,0.0,0.952703,0.0,0.67,1.0,-67.4783
678,1.48166,1.48166,0.0521905,0.0,0.947809,0.0,0.67,1.0,-68.5111
679,1.19906,0.0,0.0484201,0.0,0.95158,0.0,0.67,1.0,-48.1273
680,1.60208,0.327999,1.0,0.32777,1.0e-09,0.0,0.67,1.0,-122.67
681,1.21576,0.597185,0.324812,0.0,0.675188,0.0,0.67,1.0,-71.8433
682,0.814043,0.0,0.0472961,0.0,0.952704,0.0,0.67,1.0,-36.7924
683,2.15458,0.785214,0.439641,0.0,0.560359,0.0,0.67,1.0,-117.925
684,0.528053,0.300856,0.939468,1.46645,0.0605318,-0.0734575,0.67,1.0,-87.4048
685,0.687599,0.0295391,0.775106,0.0327864,0.224894,0.0,0.67,1.0,-51.0179
686,0.95128,0.163546,0.926849,6.62467,0.0731512,0.946176,0.329308,1.0,-106.709
687,0.877546,0.0,0.987224,20.3898,0.012776,3.59168,0.0786745,1.0,-57.3695
688,2.02058,0.0,0.0471542,0.0,0.952846,0.0,0.67,1.0,-65.7012
689,2.0729,0.265981,0.850893,0.265765,0.149107,0.0,0.67,1.0,-94.8014
690,0.657473,0.46656,0.962527,0.771571,0.0374734,-0.685882,0.67,1.0,-104.973
691,1.17148,0.749336,0.300593,0.0,0.699407,0.0,0.67,1.0,-86.3182
692,2.28739,0.44094,0.992936,161.709,0.00706418,7.50758,0.0104859,0.355715,-143.816
693,1.5369,0.345554,0.982771,6.52447,0.0172291,0.0391611,0.615558,1.0,-113.695
694,0.446941,0.339706,0.22378,0.0308643,0.77622,0.0,0.67,1.0,-55.5721
695,1.76307,0.280532,0.990331,0.425058,0.00966912,0.0,0.67,1.0,-99.8104
696,3.2608,0.0549941,0.994439,597.613,0.00556125,7.50023,0.0105253,0.343826,-45.414
697,1.20237,0.218953,1.0,0.219034,1.65519e-08,0.0,0.67,1.0,-102.481
698,3.60315,0.237307,1.0,0.23738,1.00063e-09,0.0,0.67,1.0,-106.173
699,0.397581,0.250083,1.0,0.250298,1.0e-09,0.0,0.67,1.0,-82.0545
700,0.918992,0.570341,0.190869,0.0814839,0.809131,0.0,0.67,1.0,-75.625
701,0.787723,0.463489,0.975071,0.463489,0.0249289,0.0,0.67,1.0,-78.1177
702,1.79823,0.0,0.672185,0.978046,0.327815,0.0,0.67,1.0,-72.2142
703,1.53662,0.335155,0.999995,0.335155,5.26325e-06,0.0,0.67,1.0,-91.8045
704,0.302174,0.302174,1.00007e-09,0.774736,1.0,1.86748,0.196637,1.0,-111.95
705,1.87534,0.234117,1.0,0.234021,1.00117e-09,0.0,0.67,1.0,-102.005
706,1.30832,0.300978,1.0,0.301019,1.0e-09,0.0,0.67,1.0,-108.257
707,1.50603,0.374652,1.0,0.373939,1.49012e-09,0.0,0.67,1.0,-106.932
708,1.19158,0.340823,1.0,0.341726,1.0e-09,0.0,0.67,1.0,-97.1029
709,1.04496,1.04496,0.253296,0.0723702,0.746704,0.0,0.67,1.0,-91.7381
710,1.44459,0.12022,0.915572,3.91452,0.0844278,0.894449,0.339418,1.0,-109.734
711,1.50771,0.643774,0.999997,0.643806,2.67029e-06,0.0,0.67,1.0,-130.11
712,2.07406,0.0,0.82315,1.66256,0.17685,0.0,0.67,1.0,-86.2241
713,0.829243,0.270988,0.62002,0.0,0.37998,0.0,0.67,1.0,-65.6907
714,0.815424,0.486414,0.106237,0.0,0.893763,0.0,0.67,1.0,-66.065
715,0.744966,0.048919,0.974677,16.4709,0.0253227,3.45223,0.0846283,1.0,-90.8003
716,0.645615,0.645615,0.0478341,0.0,0.952166,0.0,0.67,1.0,-28.6904
717,1.77619,0.157391,0.715713,0.151285,0.284287,0.0,0.67,1.0,-104.566
718,0.322746,0.0322369,0.820321,0.0297794,0.179679,0.0,0.67,1.0,-39.3358
719,1.60594,0.942746,0.293447,0.0163797,0.706553,0.0,0.67,1.0,-98.8057
720,0.858416,0.0,0.0472961,0.0,0.952704,0.0,0.67,1.0,-8.55419
721,1.45693,0.0645422,1.0,0.0644196,1.0e-09,0.0,0.67,1.0,-61.0318
722,0.438591,0.438591,0.130881,0.0,0.869119,0.0,0.67,1.0,-46.3318
723,1.57857,0.187473,1.0,0.186669,1.49012e-09,0.0,0.67,1.0,-90.7941
724,2.32219,0.226388,1.0,0.226821,1.21072e-09,0.0,0.67,1.0,-95.8089
725,0.962632,0.0167884,0.8229,0.0168135,0.1771,0.0,0.67,1.0,-53.0812
726,0.358344,0.0,0.0485169,0.0,0.951483,0.0,0.67,1.0,-25.6957
727,1.15827,0.0188632,1.0,0.0189106,1.82413e-07,0.0,0.67,1.0,-64.5836
728,1.01273,0.0213844,0.936197,8.58499,0.0638029,3.31375,0.0909993,1.0,-76.9977
729,2.12027,0.0,0.994187,25.675,0.00581311,4.0967,0.0604719,1.0,-52.9694
730,0.85798,0.12991,1.0,0.129926,1.0006e-09,0.0,0.67,1.0,-53.8969
731,1.72282,0.115446,0.696812,0.115411,0.303188,0.0,0.67,1.0,-78.0942
732,1.12995,1.12995,0.108241,0.0,0.891759,0.0,0.67,1.0,-66.4994
733,1.30084,0.0176209,0.748487,0.0176207,0.251513,0.0,0.67,1.0,-33.3423
734,0.50471,0.0,0.942253,0.370168,0.0577471,0.0,0.67,1.0,-38.6677
735,0.529709,0.094523,1.0,0.0948119,1.0e-09,0.0,0.67,1.0,-49.7751
736,0.82727,0.43619,0.294589,0.0,0.705411,0.0,0.67,1.0,-66.541
737,0.827748,0.0672278,0.710509,0.0687443,0.289491,0.0,0.67,1.0,-47.2519
738,1.20781,0.0478751,0.811657,0.0477283,0.188343,0.0,0.67,1.0,-46.4609
739,1.59577,0.0,0.0472961,0.0,0.952704,0.0,0.67,1.0,-33.5637
740,4.45454,0.0,0.0472961,0.0,0.952704,0.0,0.67,1.0,-53.6216
741,2.65829,0.0,0.0472961,0.0,0.952704,0.0,0.67,1.0,-41.6869
742,1.30281,1.30281,0.0239942,0.0,0.976006,0.0,0.67,1.0,-42.078
743,0.592024,0.0,0.0484178,0.0,0.951582,0.0,0.67,1.0,-34.7301
744,0.674605,0.0,0.0484201,0.0,0.95158,0.0,0.67,1.0,-38.1462
745,1.02644,1.02644,0.0274007,0.0,0.972599,0.0,0.67,1.0,-54.9525
746,0.940031,0.0,0.0484201,0.0,0.95158,0.0,0.67,1.0,-45.6862
747,1.33347,0.0174978,2.19385e-06,0.0174648,0.999998,0.0,0.67,1.0,-83.1475
748,0.999174,0.999174,0.0297593,0.0,0.970241,0.0,0.67,1.0,-33.1585
749,0.976179,0.0261052,1.0,0.0260912,1.51829e-07,0.0,0.67,1.0,-61.5747
750,1.46712,0.0,0.048522,0.0,0.951478,0.0,0.67,1.0,-33.6842
751,0.994245,0.0699517,1.0,0.0699994,1.00024e-09,0.0,0.67,1.0,-54.3306
752,2.61628,0.023275,0.75319,0.0232759,0.24681,0.0,0.67,1.0,-48.745
753,1.41315,0.158247,1.0,0.157201,1.21072e-09,0.0,0.67,1.0,-71.8448
754,0.540662,0.0154286,1.0,0.0154366,6.55632e-08,0.0,0.67,1.0,-37.0445
755,1.38637,0.0875002,1.0,0.0874875,1.00024e-09,0.0,0.67,1.0,-72.6937
756,1.52823,0.961526,0.139193,0.0,0.860807,0.0,0.67,1.0,-59.5748
757,0.76632,0.0588977,0.717681,0.055004,0.282319,0.0,0.67,1.0,-50.4695
758,1.77814,1.46455,0.328863,0.035176,0.671137,0.0,0.67,1.0,-133.449
759,0.652691,0.295226,1.0,0.297852,1.01328e-09,0.0,0.67,1.0,-81.3449
760,3.14784,0.457582,0.376464,0.0,0.623536,0.0,0.67,1.0,-72.2408
761,1.03682,0.0546599,1.0,0.0545851,1.00117e-09,0.0,0.67,1.0,-54.5994
762,0.835918,0.119272,1.0,0.118782,1.0e-09,0.0,0.67,1.0,-77.6112
763,0.658394,0.0,0.065,0.0,0.935,0.0,0.67,1.0,-38.1139
764,1.07789,0.583648,0.0788765,0.0,0.921123,0.0,0.67,1.0,-53.8959
765,0.945625,0.0618317,0.663515,0.0526588,0.336485,0.0,0.67,1.0,-50.4741
766,1.3053,0.060061,0.961019,8.72337,0.0389813,1.93283,0.189775,1.0,-80.1949
767,0.590812,0.0760276,0.995169,0.0760281,0.00483055,0.0,0.67,1.0,-50.6869
768,1.87543,0.0,0.048472,0.0,0.951528,0.0,0.67,1.0,-47.8957
769,1.10324,0.0742629,0.766831,0.083215,0.233169,0.0,0.67,1.0,-93.8267
770,0.677241,0.0,0.0500464,0.0,0.949954,0.0,0.67,1.0,-29.7019
771,0.818064,0.0,0.0484201,0.0,0.95158,0.0,0.67,1.0,-31.348
772,1.13921,0.0,0.065,0.0,0.935,0.0,0.67,1.0,-28.7244
773,2.06713,0.0,0.0472669,0.0,0.952733,0.0,0.67,1.0,-35.1203
774,1.61369,0.0,0.0484201,0.0,0.95158,0.0,0.67,1.0,-40.7351
775,0.682322,0.0253918,0.801536,0.0288482,0.198463,0.0,0.67,1.0,-50.4971
776,0.899577,0.0981732,0.982746,3.1485,0.0172537,0.499071,0.431814,1.0,-56.5888
777,0.689607,0.0,0.0472961,0.0,0.952704,0.0,0.67,1.0,-41.4637
778,1.1459,0.156689,0.868724,0.149274,0.131276,0.0,0.67,1.0,-98.2218
779,0.517722,0.0,0.0484201,0.0,0.95158,0.0,0.67,1.0,-16.9745
780,0.941565,0.0,0.0500844,0.0,0.949916,0.0,0.67,1.0,-44.5034
781,0.892015,0.177965,1.0,0.177931,1.0006e-09,0.0,0.67,1.0,-83.5357
782,2.16873,0.116798,1.0,0.116845,1.64619e-07,0.0,0.67,1.0,-107.666
783,1.06814,0.21623,1.0,0.217939,1.0e-09,0.0,0.67,1.0,-67.5312
784,1.76442,0.216424,0.715465,0.0,0.284535,0.0,0.67,1.0,-73.9234
785,0.595088,0.0170338,0.952571,3.57323,0.047429,1.48193,0.243023,1.0,-60.3821
786,0.255541,0.0282657,0.893775,2.21014,0.106225,2.04518,0.178571,1.0,-57.9533
787,0.841961,0.0795831,1.0,0.0796025,1.00117e-09,0.0,0.67,1.0,-65.0971
788,3.39559,0.225684,0.53046,0.0,0.46954,0.0,0.67,1.0,-57.9763
789,0.560047,0.0,0.065,0.0,0.935,0.0,0.67,1.0,-21.0548
790,0.508282,0.181883,1.0,0.182533,1.0e-09,0.0,0.67,1.0,-80.6468
791,1.39426,0.21934,1.0,0.219342,3.45707e-09,0.0,0.67,1.0,-83.4114
792,0.88399,0.0507643,0.974215,2.70872,0.0257846,0.415653,0.455863,1.0,-64.9945
793,0.611679,0.0625332,1.0,0.0624764,1.0e-09,0.0,0.67,1.0,-39.5291
794,1.93845,0.0,0.0472961,0.0,0.952704,0.0,0.67,1.0,-73.7374
795,0.621227,0.116148,1.0,0.116189,1.0e-09,0.0,0.67,1.0,-55.2019
796,0.84145,0.0257905,1.0,0.0257036,1.00024e-09,0.0,0.67,1.0,-42.5838
797,1.38451,0.0416311,7.32422e-07,0.0416811,0.999999,0.0,0.67,1.0,-45.8868
798,0.777338,0.0108018,0.663042,0.0141544,0.336958,0.0,0.67,1.0,-49.4832
799,2.17738,0.0,0.048517,0.0,0.951483,0.0,0.67,1.0,-39.9691
800,1.50534,0.151653,1.0,0.153203,1.0e-09,0.0,0.67,1.0,-71.4865
801,1.19292,0.125237,1.0,0.125022,1.00024e-09,0.0,0.67,1.0,-86.9411
802,0.80505,0.60049,0.492221,0.0,0.507779,0.0,0.67,1.0,-92.8214
803,0.81048,0.0,0.0472961,0.0,0.952704,0.0,0.67,1.0,-38.5427
804,0.903671,0.129267,1.0,0.129627,1.0e-09,0.0,0.67,1.0,-73.4079
805,0.54043,0.130516,1.0,0.129909,1.21072e-09,0.0,0.67,1.0,-52.2419
806,0.619035,0.0,0.0484201,0.0,0.95158,0.0,0.67,1.0,-22.45
807,1.1607,0.10456,0.742133,0.111182,0.257867,0.0,0.67,1.0,-90.9547
808,0.527777,0.234463,0.16052,0.0,0.83948,0.0,0.67,1.0,-53.2771
809,3.70494,0.0,0.0484201,0.0,0.95158,0.0,0.67,1.0,-40.5546
810,1.63418,0.0477321,0.992792,0.0,0.00720772,0.0,0.67,1.0,-50.9953
811,0.391554,0.186234,0.999996,0.186226,4.1504e-06,0.0,0.67,1.0,-79.0375
812,2.05511,0.27239,0.645136,0.0,0.354864,0.0,0.67,1.0,-78.802
813,0.0643021,0.0425034,0.937869,1.89621,0.0621311,1.30932,0.267614,1.0,-38.7859
814,1.47651,0.0,0.0484201,0.0,0.95158,0.0,0.67,1.0,-34.452
815,1.03476,1.03476,0.416857,0.0,0.583143,0.0,0.67,1.0,-109.259
816,1.38274,0.124116,1.0,0.124128,1.00001e-09,0.0,0.67,1.0,-66.3812
817,1.16366,1.16366,0.0322495,0.0,0.96775,0.0,0.67,1.0,-70.1453
818,0.858515,0.0511844,1.0,0.0511851,1.00117e-09,0.0,0.67,1.0,-58.5116
819,1.92395,0.0,0.0472961,0.0,0.952704,0.0,0.67,1.0,-67.8406
820,0.704129,0.0607345,0.726647,0.0607438,0.273353,0.0,0.67,1.0,-43.4139
821,0.978235,0.0,0.0472961,0.0,0.952704,0.0,0.67,1.0,-50.2439
822,0.0763377,0.0,0.0484201,0.0,0.95158,0.0,0.67,1.0,-14.7622
823,1.71939,0.0,0.0484201,0.0,0.95158,0.0,0.67,1.0,-56.5704
824,0.705556,0.037857,0.757821,0.0412076,0.242179,0.0,0.67,1.0,-41.9923
825,0.466041,0.0,0.0492736,0.0,0.950726,0.0,0.67,1.0,-30.8611
826,1.54907,0.0,0.0472961,0.0,0.952704,0.0,0.67,1.0,-53.7147
827,0.462928,0.0,0.0484201,0.0,0.95158,0.0,0.67,1.0,-20.3753
828,0.856225,0.0,0.0484201,0.0,0.95158,0.0,0.67,1.0,-31.2681
829,0.824244,0.0,0.0483994,0.0,0.951601,0.0,0.67,1.0,-32.1994
830,0.331768,0.0,0.0474443,0.0,0.952556,0.0,0.67,1.0,-16.852
831,2.06366,0.0199198,0.675859,0.0,0.324141,0.0,0.67,1.0,-50.2667
832,0.527322,0.0,0.0484201,0.0,0.95158,0.0,0.67,1.0,-34.5274
833,0.996218,0.0189053,1.0,0.018905,2.87155e-07,0.0,0.67,1.0,-63.7983
834,1.58998,0.0,0.0484201,0.0,0.95158,0.0,0.67,1.0,-36.1954
835,1.02703,0.0,0.0484201,0.0,0.95158,0.0,0.67,1.0,-27.4742
836,1.01615,0.0,0.0484201,0.0,0.95158,0.0,0.67,1.0,-62.3714
837,1.62499,0.0,0.0501164,0.0,0.949884,0.0,0.67,1.0,-27.2256
838,1.4474,0.0,0.0484201,0.0,0.95158,0.0,0.67,1.0,-28.3728
839,3.2809,0.0,0.025567,0.0,0.974433,0.0,0.67,1.0,-38.8077
840,1.28945,0.0,0.0484201,0.0,0.95158,0.0,0.67,1.0,-22.9406
841,1.02546,0.0,0.065,0.0,0.935,0.0,0.67,1.0,-44.7476
842,1.69649,0.0,0.0472961,0.0,0.952704,0.0,0.67,1.0,-36.0429
843,1.17612,1.09393,0.0893311,0.0,0.910669,0.0,0.67,1.0,-68.2061
844,1.86289,0.0754306,0.835284,0.0751916,0.164716,0.0,0.67,1.0,-82.4524
845,1.21883,0.978466,0.400867,0.0,0.599133,0.0,0.67,1.0,-102.789
846,0.427365,0.0733296,1.0,0.0733299,1.00024e-09,0.0,0.67,1.0,-35.7775
847,1.10808,1.10808,0.0265407,0.0,0.973459,0.0,0.67,1.0,-63.6142
848,0.885383,0.195969,1.0,0.195751,1.12057e-08,0.0,0.67,1.0,-90.4345
849,1.04067,0.175513,0.546791,0.0,0.453209,0.0,0.67,1.0,-48.5874
850,0.755223,0.0177437,1.0,0.0177272,2.67631e-08,0.0,0.67,1.0,-51.9208
851,0.918993,0.109873,1.0,0.109761,1.00117e-09,0.0,0.67,1.0,-64.7457
852,0.848533,0.144282,0.999995,0.144281,5.26325e-06,0.0,0.67,1.0,-63.8031
853,1.17208,0.0,0.0484201,0.0,0.95158,0.0,0.67,1.0,-48.6357
854,0.642291,0.0509154,1.0,0.0511043,1.01328e-09,0.0,0.67,1.0,-33.0175
855,0.510613,0.0,0.0484166,0.0,0.951583,0.0,0.67,1.0,-34.1402
856,0.971268,0.193903,1.0,0.193573,1.0e-09,0.0,0.67,1.0,-68.8581
857,1.32,0.0,0.58721,0.371408,0.41279,0.0,0.67,1.0,-81.0081
858,0.54227,0.0,0.0484201,0.0,0.95158,0.0,0.67,1.0,-49.2099
859,2.35302,0.0409553,0.998895,0.0409552,0.00110534,0.0,0.67,1.0,-76.4754
860,0.699021,0.172567,1.0,0.172553,2.68221e-08,0.0,0.67,1.0,-58.2781
861,3.19563,0.0,0.0472961,0.0,0.952704,0.0,0.67,1.0,-37.5622
862,0.53398,0.0,0.0484201,0.0,0.95158,0.0,0.67,1.0,-31.1244
863,3.12417,0.0245517,0.894052,0.0264186,0.105948,0.0,0.67,1.0,-55.978
864,1.59647,0.751155,0.181365,0.0,0.818635,0.0,0.67,1.0,-56.7048
865,1.78584,0.0363283,0.699959,0.0445915,0.300041,0.0,0.67,1.0,-52.8437
866,0.224612,0.0,0.017918,0.0,0.982082,0.0,0.67,1.0,-13.9079
867,0.188883,0.0,0.0484685,0.0,0.951532,0.0,0.67,1.0,-17.0639
868,0.741599,0.0,0.04985,0.0,0.95015,0.0,0.67,1.0,-28.1951
869,1.39168,1.39168,0.0229625,0.0,0.977038,0.0,0.67,1.0,-38.7473
870,1.31607,0.0587926,0.984201,10.588,0.0157992,0.688895,0.383696,1.0,-80.744
871,0.385124,0.0,0.0484201,0.0,0.95158,0.0,0.67,1.0,-15.5359
872,0.812892,0.0,0.0484201,0.0,0.95158,0.0,0.67,1.0,-35.8926
873,1.20388,0.0,0.0472777,0.0,0.952722,0.0,0.67,1.0,-32.5439
874,1.40429,0.0,0.0484666,0.0,0.951533,0.0,0.67,1.0,-34.3284
875,0.739207,0.739207,0.233893,0.0,0.766107,0.0,0.67,1.0,-55.2355
876,1.3653,0.0,0.0484201,0.0,0.95158,0.0,0.67,1.0,-70.7515
877,1.51178,0.0,0.0484082,0.0,0.951592,0.0,0.67,1.0,-34.7941
878,0.361333,0.251556,0.999998,0.251555,1.71662e-06,0.0,0.67,1.0,-84.451
879,0.269214,0.0,0.0484201,0.0,0.95158,0.0,0.67,1.0,-16.0132
880,0.0831026,0.0,0.0484201,0.0,0.95158,0.0,0.67,1.0,-8.29698
881,1.98983,0.0607505,0.999992,0.0607502,7.89467e-06,0.0,0.67,1.0,-65.7273
882,0.0596325,0.0,0.77984,0.114441,0.22016,0.079107,0.58893,1.0,-20.6029
