Codon,alpha,beta,beta-alpha,Posterior Prob Positive Selection,Posterior Prob Negative Selection,Potential Scale Reduction Factor,Effective sample size,Estimated variance of the posterior prob of positive selection,Empirical Bayes Factor
1,0.324536,0.121443,-0.203093,0.0015397,0.995379100216052,1.00848014741545,376.229798856476,7.49515044815564e-07,0.00609817
2,0.384782,0.0864417,-0.29834,5.77768e-09,0.99999995165969,1.0028297896815,641.877771229472,1.49834837346579e-17,2.28479e-08
3,0.766734,0.167719,-0.599015,5.78275e-08,0.999999413521403,1.0017866578987,739.200766570483,3.04727613642404e-15,2.2868e-07
4,0.303789,0.229138,-0.0746501,0.123817,0.776753440998084,0.999309794853781,1158.48307377526,0.00348170783624369,0.55883
5,0.271393,0.0884305,-0.182962,0.000988502,0.99630086980123,1.01613618730974,242.761806605682,4.32746888383364e-07,0.00391291
6,0.309957,0.118109,-0.191848,0.000832826,0.996911455145298,1.00542190276966,484.292335701475,2.58499569550504e-07,0.00329617
7,0.395374,0.106778,-0.288596,3.0254e-07,0.99999836771178,1.00349418354256,592.333196527444,4.16062771074584e-14,1.1964e-06
8,0.378313,0.109016,-0.269297,1.25764e-06,0.999993603045957,1.00456976978268,526.690071510578,7.28601570867008e-13,4.97336e-06
9,0.378087,0.110632,-0.267455,3.64522e-06,0.999982399124957,1.00723244648181,413.798129353133,5.85660974518421e-12,1.44151e-05
10,0.387285,0.0327748,-0.35451,1.04611e-14,0.999999999999745,1.00683215389328,427.527974275644,5.85249248544581e-29,4.13687e-14
11,0.369327,0.00483691,-0.36449,3.14507e-13,0.999999999994645,1.01688035986516,234.766721365429,5.3076963998978e-26,1.24372e-12
12,0.390819,0.000268359,-0.39055,7.50207e-20,1.0,0.997967958203682,1676.6538718083,5.16206392311734e-39,2.96671e-19
13,0.99684,0.74791,-0.24893,0.198291,0.779961150559655,1.01245979523882,292.253628350378,0.000328153116001891,0.978089
14,0.385372,0.0224515,-0.362921,8.59121e-14,0.999999999996217,1.0092730512821,355.765862469692,4.82851461614871e-27,3.39741e-13
15,0.300164,0.0240373,-0.276126,6.64835e-09,0.999999745805386,1.00057210409015,898.327738266521,4.11700390465748e-17,2.6291e-08
16,0.419252,0.0625329,-0.356719,3.04425e-11,0.999999999566355,1.02917971794574,153.041069665634,6.72607094603367e-22,1.20385e-10
17,0.381226,0.0228284,-0.358397,2.37384e-11,0.999999999008045,1.00298483851282,629.579218238148,4.204606099577e-22,9.38739e-11
18,0.381269,0.0241512,-0.357118,1.63524e-12,0.999999999978646,1.00620869284605,450.86343478042,1.21558920448918e-24,6.46657e-12
19,1.00844,0.159924,-0.848519,0.127281,0.849569958447375,1.00575143741585,469.696378553591,0.000296824411533491,0.576746
20,0.99684,0.74791,-0.24893,0.198291,0.779961150559655,1.01245979523882,292.253628350381,0.000328153116001891,0.978089
21,0.363246,0.0224539,-0.340792,2.46605e-14,0.999999999996355,1.00156495482726,763.863049085041,5.32923465904236e-28,9.75203e-14
22,0.614684,0.0224142,-0.59227,7.03654e-23,1.0,1.01081744542636,321.792286837561,3.86423070557404e-45,2.78261e-22
23,0.35396,0.0224308,-0.331529,1.38782e-13,0.999999999980839,1.00106377576001,826.246898911944,1.58696556386514e-26,5.48817e-13
24,0.379813,0.0224226,-0.35739,2.73454e-17,0.999999999999996,1.0093725598269,353.356992971788,5.77941995559667e-34,1.08138e-16
25,0.38383,0.0225232,-0.361307,1.26426e-16,0.999999999999997,1.0246345942219,175.341563493963,9.05153455585381e-33,4.99952e-16
26,0.358517,0.0224226,-0.336095,3.8962e-07,0.999945627221291,1.00537236170301,486.566739814318,2.95041747618401e-13,1.54076e-06
27,0.381645,0.000227545,-0.381418,1.73026e-19,1.0,0.998806846950738,1310.04559740837,2.71809349947273e-38,6.84235e-19
28,0.370112,0.070949,-0.299163,3.41328e-08,0.999999624304912,1.02379186698781,180.249978994034,7.24797140154172e-16,1.34979e-07
29,0.225785,0.114527,-0.111258,0.0187326,0.951227813184614,1.01326076027113,279.774113436609,0.000124675729184463,0.0754927
30,0.382734,0.0224267,-0.360307,2.58699e-15,0.999999999999841,1.01126846468427,313.086822972076,4.48733308928847e-30,1.02303e-14
31,0.375312,0.19366,-0.181652,0.388634,0.575384225920853,1.00676417357376,429.952384165861,0.00124652462397053,2.51381
32,0.99684,0.74791,-0.24893,0.198291,0.779961150559654,1.01245979523882,292.253628350379,0.000328153116001892,0.978089
33,0.99684,0.74791,-0.24893,0.198291,0.779961150559655,1.01245979523882,292.253628350378,0.000328153116001891,0.978089
34,0.99684,0.74791,-0.24893,0.198291,0.779961150559654,1.01245979523882,292.253628350379,0.000328153116001893,0.978089
35,0.99684,0.74791,-0.24893,0.198291,0.779961150559656,1.01245979523882,292.253628350386,0.000328153116001888,0.978089
36,0.357529,0.201335,-0.156194,0.00710661,0.979757348736568,1.00032236722635,940.028212058207,2.62599172316496e-05,0.0283043
37,0.36061,0.000204126,-0.360405,2.87441e-18,1.0,0.998245066712136,1534.66886147402,7.2738567175228e-36,1.13669e-17
38,0.380843,0.0795413,-0.301302,1.23802e-08,0.99999990428104,1.00925007942725,356.326733138116,6.35312945424553e-17,4.89576e-08
39,0.383048,0.0227308,-0.360318,7.73133e-16,0.999999999999966,1.03195637436311,142.116335323277,3.88577751717565e-31,3.05737e-15
40,0.339128,0.1347,-0.204428,0.00281796,0.99305415304762,1.00597337554731,460.359626285601,2.03223048040109e-06,0.0111752
41,0.370303,0.15606,-0.214242,0.00123795,0.99666155175798,1.00230655649088,687.227160734311,5.60582765935706e-07,0.00490155
42,0.363363,0.0996754,-0.263687,1.38414e-05,0.999933421723821,1.00259849496855,661.155480425962,8.05575418455305e-11,5.47366e-05
43,0.360241,0.150439,-0.209801,0.000844062,0.997530839160197,1.00243755653277,675.275423553653,2.72748191763056e-07,0.00334067
44,0.372846,0.0670643,-0.305782,0.106214,0.875436826203804,1.01417407754888,266.815603542181,0.000201249827037564,0.469937
45,0.99684,0.74791,-0.24893,0.198291,0.779961150559655,1.01245979523882,292.253628350378,0.000328153116001891,0.978089
46,0.380217,0.0224421,-0.357775,4.34739e-14,0.999999999994966,1.00279660129536,644.573748054487,1.44201799206185e-27,1.71918e-13
47,0.378762,0.0225801,-0.356182,6.43638e-14,0.99999999999903,1.00696149270849,422.991325494528,2.04994742302429e-27,2.54528e-13
48,0.364181,0.0699406,-0.294241,1.43082e-07,0.99999858272572,1.02422181084237,177.710430302355,1.25315049503404e-14,5.65822e-07
49,0.381939,0.0234729,-0.358466,4.28172e-13,0.999999999990923,1.02377522009671,180.349832855108,1.0213082397439e-25,1.69321e-12
50,0.384333,0.0224173,-0.361916,1.97785e-21,1.0,1.03489469377888,132.211619667642,2.75876579888172e-42,7.82145e-21
51,0.384546,0.0228381,-0.361708,1.2165e-16,0.999999999999999,1.00915965323935,358.552205530703,6.31388104646834e-33,4.81065e-16
52,0.658254,0.0224192,-0.635835,2.30048e-22,1.0,1.01631746747183,240.762804437369,4.08501030216455e-44,9.09728e-22
53,0.383975,0.0247836,-0.359191,1.46476e-13,0.999999999998365,1.00738732729061,408.723646368595,8.77960832044377e-27,5.79242e-13
54,0.38437,0.0224293,-0.36194,1.5608e-14,0.999999999998923,1.00582446574233,466.581921317158,1.71957657403383e-28,6.1722e-14
55,0.99684,0.74791,-0.24893,0.198291,0.779961150559655,1.01245979523882,292.253628350378,0.000328153116001891,0.978089
56,0.99684,0.74791,-0.24893,0.198291,0.779961150559655,1.01245979523882,292.253628350378,0.000328153116001891,0.978089
57,0.99684,0.74791,-0.24893,0.198291,0.779961150559655,1.01245979523882,292.253628350378,0.000328153116001891,0.978089
58,0.99684,0.74791,-0.24893,0.198291,0.779961150559655,1.01245979523882,292.253628350378,0.000328153116001891,0.978089
59,0.99684,0.74791,-0.24893,0.198291,0.779961150559655,1.01245979523882,292.253628350378,0.000328153116001891,0.978089
60,0.99684,0.74791,-0.24893,0.198291,0.779961150559654,1.01245979523882,292.253628350381,0.000328153116001891,0.978089
61,0.99684,0.74791,-0.24893,0.198291,0.779961150559655,1.01245979523882,292.253628350385,0.00032815311600189,0.978089
62,0.99684,0.74791,-0.24893,0.198291,0.779961150559655,1.01245979523882,292.253628350378,0.000328153116001891,0.978089
63,0.99684,0.74791,-0.24893,0.198291,0.779961150559655,1.01245979523882,292.253628350378,0.000328153116001891,0.978089
64,0.99684,0.74791,-0.24893,0.198291,0.779961150559655,1.01245979523882,292.253628350378,0.000328153116001891,0.978089
65,0.99684,0.74791,-0.24893,0.198291,0.779961150559655,1.01245979523882,292.253628350378,0.000328153116001891,0.978089
66,0.99684,0.74791,-0.24893,0.198291,0.779961150559655,1.01245979523882,292.253628350378,0.000328153116001891,0.978089
67,0.99684,0.74791,-0.24893,0.198291,0.779961150559655,1.01245979523882,292.253628350378,0.000328153116001891,0.978089
68,0.356773,0.0225255,-0.334248,4.82134e-09,0.999999847798956,1.00566217301847,473.56113892207,1.69329385169515e-17,1.90661e-08
69,0.350225,0.000351888,-0.349873,7.41822e-18,0.999999999999999,0.998261531921545,1526.98886997985,5.12889456387074e-35,2.93355e-17
70,0.362328,0.124851,-0.237478,6.31818e-05,0.999744391605711,1.00912277139445,359.468077414544,1.68096571406256e-09,0.000249869
71,0.129964,0.03336,-0.0966038,0.00860673,0.952277239356023,1.01037953738434,330.732856408614,6.13066379593789e-05,0.0343309
72,0.38325,0.022775,-0.360475,2.26603e-15,0.999999999999903,1.03365979795355,136.190881986563,3.36666541401597e-30,8.96104e-15
73,0.292822,0.168543,-0.124278,0.0439012,0.917687170097598,1.00109204763527,822.455161597195,0.000385139396875857,0.18158
74,0.35197,0.096499,-0.255471,2.55166e-05,0.999873813465344,1.00288347501727,637.564756419406,2.80435409015766e-10,0.000100908
75,0.137885,0.0425988,-0.0952858,0.0123667,0.943499145076927,1.00476386966099,516.382626255888,0.000100356490283486,0.0495166
76,0.99684,0.74791,-0.24893,0.198291,0.779961150559655,1.01245979523882,292.253628350378,0.000328153116001891,0.978089
77,0.99684,0.74791,-0.24893,0.198291,0.779961150559655,1.01245979523882,292.253628350378,0.000328153116001891,0.978089
78,0.373351,0.0225231,-0.350828,2.14681e-12,0.999999999818936,1.00180293220101,737.453623864155,3.65212629424336e-24,8.48961e-12
79,0.349033,0.138187,-0.210846,0.000852753,0.997413154036168,1.00869411951137,370.474164611984,2.58702668063395e-07,0.0033751
80,0.37993,0.0224621,-0.357467,1.75812e-13,0.999999999981739,1.00301673554534,627.108038117326,2.34819189151407e-26,6.95252e-13
81,0.361699,0.164424,-0.197275,0.00144338,0.995882370958599,1.00061692365392,891.235460577151,8.67573206839563e-07,0.00571611
82,0.33559,0.0373453,-0.298245,7.04033e-07,0.99999138559854,1.00435586277183,538.544073850266,3.0679816946593e-13,2.78411e-06
83,0.426481,0.0228373,-0.403644,0.00220831,0.995665158192754,1.00671129364157,431.857704814024,4.14762792726095e-06,0.00875214
84,0.341734,0.0271763,-0.314558,6.54299e-08,0.999998808701613,1.00298370070402,629.667732639606,2.91955964501544e-15,2.58744e-07
85,0.357801,0.135918,-0.221883,0.000420484,0.998656328795484,1.01041268425454,330.038352853462,6.69499167233057e-08,0.00166351
86,0.370738,0.0288834,-0.341855,5.44755e-10,0.999999988215292,1.01993420014099,206.953105155407,2.0247528760253e-19,2.15424e-09
87,0.383932,0.0260675,-0.357864,3.56032e-14,0.999999999999535,1.00604443007555,457.449632967552,5.57870627665135e-28,1.40793e-13
88,0.435014,0.0233424,-0.411672,7.1886e-18,1.0,1.00603430085679,457.862180765115,2.36650998147188e-35,2.84274e-17
89,0.521326,0.02252,-0.498806,2.41716e-17,1.0,1.00725491861681,413.053909708898,2.47479748778441e-34,9.55868e-17
90,0.385081,0.0233931,-0.361688,1.21852e-16,0.999999999999999,1.008228382897,383.240227759345,6.52392787537552e-33,4.81864e-16
91,0.376555,0.0255053,-0.35105,2.30177e-10,0.999999994261616,1.01059722622759,326.225697108912,3.64046934211133e-20,9.1024e-10
92,0.99684,0.74791,-0.24893,0.198291,0.779961150559658,1.01245979523882,292.253628350378,0.000328153116001882,0.978089
93,0.99684,0.74791,-0.24893,0.198291,0.779961150559654,1.01245979523882,292.253628350372,0.000328153116001893,0.978089
94,0.465482,1.15965,0.694167,0.653598,0.307451686611863,1.00333990610518,603.135190511213,0.00125519302504231,7.46145
95,5.39907,0.355357,-5.04372,0.0505763,0.937637176655393,0.99997664341771,1004.64625315141,7.1501846925416e-05,0.210659
96,0.383804,0.0251863,-0.358618,1.16878e-13,0.999999999998541,1.00661276789904,435.453928770266,5.88262406489042e-27,4.62195e-13
97,0.38425,0.0346698,-0.34958,3.09112e-14,0.999999999999088,1.01105561021627,317.134387936188,6.10519746087363e-28,1.22239e-13
98,0.330072,0.0225262,-0.307546,1.36777e-09,0.999999925631927,1.00433702215554,539.61414890028,1.51227596869795e-18,5.40889e-09
99,0.381514,0.022539,-0.358975,9.4431e-16,0.999999999999927,1.02067350710426,201.214160865276,6.86531549797448e-31,3.73429e-15
100,0.394506,0.0312591,-0.363247,0.0330858,0.950788088703755,1.00344066697512,596.035583978441,0.000334142624087659,0.135315
101,0.38153,0.0224683,-0.359062,3.7141e-17,0.999999999999996,1.01890729688939,215.513236526575,1.10509297631711e-33,1.46875e-16
102,0.311909,0.0241379,-0.287771,1.01864e-08,0.999999685010882,1.00117641528449,811.345968409634,8.54052839800745e-17,4.02822e-08
103,0.384841,0.0225911,-0.36225,7.45001e-17,0.999999999999998,1.03358151328989,136.451728728993,3.64854221653707e-33,2.94612e-16
104,0.370825,0.0268148,-0.34401,7.6125e-10,0.999999988286152,1.02724708947561,161.755342931926,3.34136493136016e-19,3.01037e-09
105,0.376954,0.0664967,-0.310458,9.48261e-10,0.999999987453961,1.02426289735416,177.471650176805,5.56012554955996e-19,3.74991e-09
106,0.399469,0.0225285,-0.376941,2.41397e-14,0.999999999999297,1.02511943003449,172.642107340953,3.4223490770885e-28,9.54607e-14
107,0.99684,0.74791,-0.24893,0.198291,0.779961150559656,1.01245979523882,292.253628350384,0.000328153116001887,0.978089
108,0.391602,0.02554,-0.366062,2.44438e-11,0.999999999552182,1.01950508299062,210.442941469561,3.83560906780635e-22,9.66633e-11
109,0.322923,0.0229522,-0.29997,1.08424e-07,0.99999699231657,1.00545690912706,482.698191244974,9.65210706897433e-15,4.28765e-07
110,0.383588,0.0809874,-0.302601,5.11883e-09,0.999999954090031,1.00677549798903,429.546575782088,1.22768097524571e-17,2.02425e-08
111,0.88348,0.0230143,-0.860466,1.12469e-25,1.0,1.01259499407335,290.067494391189,8.17259743115004e-51,4.4476e-25
112,0.371244,0.117477,-0.253767,2.01249e-05,0.999917639180667,1.00772707231379,398.024508946469,1.67297257335579e-10,7.95859e-05
113,0.377121,0.0678634,-0.309257,1.05965e-07,0.999999048555344,1.0249884576567,173.362728825839,7.19371819482963e-15,4.19042e-07
114,0.358367,0.0301251,-0.328242,2.25498e-08,0.999999552739456,1.0041571206122,550.053331458806,3.57582703336454e-16,8.91737e-08
115,0.356094,0.0827512,-0.273343,3.95701e-06,0.999975508377312,1.00873845917736,369.303877827024,7.08245195492991e-12,1.56481e-05
116,0.374224,0.0624969,-0.311727,1.1694e-08,0.999999879658534,1.02405830780618,178.667340199355,8.02347907558907e-17,4.62443e-08
117,0.366027,0.0224389,-0.343588,2.20685e-11,0.999999998000816,1.0070222115607,420.895204665174,4.47007433803283e-22,8.72701e-11
118,0.374465,0.0279371,-0.346528,2.29271e-10,0.999999996149412,1.02715857599491,162.179533166891,3.04653997429755e-20,9.06654e-10
119,0.376958,0.0620023,-0.314956,5.63005e-10,0.999999991145424,1.02761880987009,159.999049099635,2.26317559150311e-19,2.22641e-09
120,0.373802,0.07191,-0.301892,3.51795e-07,0.999997342994907,1.02531285217558,171.58926842306,7.23568335249409e-14,1.39118e-06
121,0.350374,0.0225742,-0.327799,4.94024e-12,0.999999999627308,1.00132079114812,793.021760646364,2.0956759967663e-23,1.95362e-11
122,0.348907,0.0236073,-0.3253,5.08705e-08,0.999999386820965,1.00960648980597,347.823263176473,1.41049930565435e-15,2.01168e-07
123,0.385239,0.0230008,-0.362239,1.38658e-16,0.999999999999999,1.00950814057496,350.12803925526,8.37545696064956e-33,5.48325e-16
124,0.378805,0.0225557,-0.35625,3.79025e-12,0.999999999865269,1.00779373671925,395.991762100182,9.55397484340563e-24,1.49886e-11
125,0.390014,0.0227377,-0.367276,2.84373e-13,0.999999999986826,1.00742787583489,407.415993036864,5.8913734187382e-26,1.12456e-12
126,0.366562,0.0224326,-0.34413,2.60471e-11,0.999999996865447,1.00780185485921,395.745666510171,6.91106286284647e-22,1.03004e-10
127,0.770119,0.0231777,-0.746941,9.03322e-17,0.999999999999999,1.00434870837491,538.949908999496,5.07300029537682e-33,3.5722e-16
128,0.449472,0.0225097,-0.426962,1.81934e-17,1.0,1.021943645498,192.089679122464,2.30957735855593e-34,7.19463e-17
129,0.270519,0.0848945,-0.185625,0.00100278,0.996048566764716,1.01852246995778,218.913552878937,4.98692114117626e-07,0.0039695
130,0.337521,0.0312602,-0.306261,9.90713e-09,0.999999796839747,1.01236423109064,293.819400977591,6.71166505570499e-17,3.91779e-08
131,0.383714,0.0516706,-0.332043,1.95769e-11,0.999999999824184,1.00681246220862,428.227378968095,1.77599995553284e-22,7.74171e-11
132,0.342622,0.0295554,-0.313066,0.00362749,0.990160267274655,1.00467386305513,521.110955723354,1.17653786712721e-05,0.0143972
133,0.38625,0.0276613,-0.358588,1.01094e-12,0.999999999983183,1.01297355277594,284.121147624072,5.25078398590149e-25,3.9978e-12
134,0.520237,0.0271885,-0.493048,4.84035e-13,0.999999999992366,1.01102911635568,317.645703131326,1.11117458768809e-25,1.91412e-12
135,0.321783,0.105798,-0.215984,0.00119579,0.99624967023127,1.01235853428795,293.913284492809,5.34080192779475e-07,0.00473443
136,0.359715,0.167185,-0.19253,0.00306836,0.992150360920388,0.999011223919055,1243.88694516478,3.52086956630428e-06,0.0121712
137,0.880143,0.205138,-0.675006,8.91822e-07,0.99999327765982,0.997462878108544,2017.22063985816,6.36473605702419e-13,3.52673e-06
138,0.366375,0.119931,-0.246444,6.81219e-05,0.999753402755839,1.00065554823721,885.213460083923,1.71604436314957e-09,0.000269407
139,0.406852,0.0244183,-0.382433,4.06406e-14,0.99999999999929,1.01028109137983,332.813276887629,7.69957435330121e-28,1.60714e-13
140,0.384622,0.0227658,-0.361856,2.76365e-16,0.999999999999998,1.0098619545107,341.978957904996,3.14603927590583e-32,1.09289e-15
141,0.99684,0.74791,-0.24893,0.198291,0.779961150559655,1.01245979523882,292.253628350378,0.000328153116001891,0.978089
142,0.99684,0.74791,-0.24893,0.198291,0.779961150559655,1.01245979523882,292.253628350378,0.000328153116001891,0.978089
143,0.99684,0.74791,-0.24893,0.198291,0.779961150559655,1.01245979523882,292.253628350378,0.000328153116001891,0.978089
144,0.99684,0.74791,-0.24893,0.198291,0.779961150559655,1.01245979523882,292.253628350378,0.000328153116001891,0.978089
145,0.99684,0.74791,-0.24893,0.198291,0.779961150559655,1.01245979523882,292.253628350378,0.000328153116001891,0.978089
146,0.99684,0.74791,-0.24893,0.198291,0.779961150559655,1.01245979523882,292.253628350378,0.000328153116001891,0.978089
147,0.99684,0.74791,-0.24893,0.198291,0.779961150559655,1.01245979523882,292.253628350378,0.000328153116001891,0.978089
148,0.99684,0.74791,-0.24893,0.198291,0.779961150559655,1.01245979523882,292.253628350378,0.000328153116001891,0.978089
149,0.99684,0.74791,-0.24893,0.198291,0.779961150559655,1.01245979523882,292.253628350378,0.000328153116001891,0.978089
150,0.99684,0.74791,-0.24893,0.198291,0.779961150559655,1.01245979523882,292.253628350378,0.000328153116001891,0.978089
151,0.99684,0.74791,-0.24893,0.198291,0.779961150559655,1.01245979523882,292.253628350378,0.000328153116001891,0.978089
152,0.99684,0.74791,-0.24893,0.198291,0.779961150559655,1.01245979523882,292.253628350378,0.000328153116001891,0.978089
153,0.99684,0.74791,-0.24893,0.198291,0.779961150559654,1.01245979523882,292.253628350381,0.000328153116001891,0.978089
154,0.99684,0.74791,-0.24893,0.198291,0.779961150559656,1.01245979523882,292.253628350388,0.000328153116001888,0.978089
155,0.99684,0.74791,-0.24893,0.198291,0.779961150559653,1.01245979523882,292.253628350394,0.000328153116001895,0.978089
156,0.398997,0.0227987,-0.376198,7.57304e-14,0.999999999996986,1.01556915392843,249.241928392796,3.96367783080342e-27,2.99477e-13
157,0.369578,0.0225812,-0.346997,3.1689e-06,0.999959374187747,1.00610289892531,455.082981651941,1.59436298917157e-11,1.25315e-05
158,0.380748,0.0227764,-0.357972,3.92077e-13,0.999999999990554,1.03202407255955,141.870439328741,9.06994965731742e-26,1.55047e-12
159,0.386034,0.0224461,-0.363588,2.67804e-16,0.999999999999986,1.02512726410165,172.599202171768,4.76822981006764e-32,1.05903e-15
160,0.384333,0.0225161,-0.361817,1.9137e-16,0.999999999999998,1.00946659662248,351.111012458986,1.46481983006901e-32,7.56775e-16
161,0.345777,0.0243381,-0.321439,3.79739e-09,0.999999894220794,1.00318292571122,614.543882308134,1.05813749566983e-17,1.50168e-08
162,0.373983,0.0225771,-0.351406,1.44633e-10,0.999999993869295,1.00410855040442,552.942323048844,1.51168439030124e-20,5.71953e-10
163,0.384248,0.0224866,-0.361761,3.92664e-17,1.0,1.00827171928818,382.014584141016,6.68312887607398e-34,1.5528e-16
164,0.375714,0.0227788,-0.352935,3.6472e-10,0.999999984789966,1.00476202072342,516.478880701611,1.03427212943002e-19,1.44229e-09
165,0.38354,0.0224472,-0.361092,1.33618e-17,1.0,1.0072940288777,411.765159486597,8.30970268195278e-35,5.28394e-17
166,0.457743,0.000302972,-0.45744,3.41864e-22,1.0,1.00016242428574,968.849385095971,1.01131926871407e-43,1.35191e-21
167,0.314399,0.00084101,-0.313558,1.50201e-12,0.999999999865047,1.00449887380036,530.559813050672,1.98738041268918e-24,5.93971e-12
168,0.48479,0.0231154,-0.461674,0.00428459,0.991939358412092,1.00615966822689,452.808825603096,1.69470433553506e-05,0.0170164
169,0.383154,0.02256,-0.360594,1.82006e-14,0.999999999999798,1.00844960265072,377.066346363205,1.34207514569313e-28,7.19746e-14
170,0.483271,0.000458434,-0.482813,1.43587e-24,1.0,1.01556540460355,249.285964720438,1.45696769685898e-48,5.67816e-24
171,0.388534,0.0224429,-0.366091,6.10562e-15,0.999999999999395,1.00350747016119,591.421207900356,2.80439970174799e-29,2.41448e-14
172,0.299921,0.0224271,-0.277494,2.38632e-12,0.99999999939948,1.00584639048139,465.655067849556,5.7765580068648e-24,9.43675e-12
173,0.491682,0.0224101,-0.469272,0.00139277,0.995464501011165,1.00445109080758,533.200678100039,3.62655806514591e-06,0.00551539
174,0.443322,0.0224202,-0.420902,1.03368e-21,1.0,1.03045304724499,147.818739185558,6.97559704787815e-43,4.08772e-21
175,0.334056,0.0249543,-0.309102,2.05759e-06,0.999964591858884,1.00651375044671,439.130043714418,3.69947079533316e-12,8.13679e-06
176,0.4149,0.0272727,-0.387627,1.06231e-16,0.999999999999998,1.00488200590255,510.307113098593,5.68228622176195e-33,4.20093e-16
177,0.388569,0.022479,-0.36609,1.36444e-19,1.0,1.01041496526269,329.990670216924,8.14386968861723e-39,5.3957e-19
178,0.480285,0.0224295,-0.457855,7.74483e-18,1.0,1.02448513325188,176.191626496421,3.55395157507793e-35,3.0627e-17
179,0.264404,0.0227493,-0.241654,3.765e-06,0.999891340950456,1.00799948248599,389.849459022935,1.30203735995034e-11,1.48888e-05
180,0.403868,0.0226004,-0.381267,4.47065e-15,0.999999999999875,1.03126919376453,144.664288036798,1.14585704227684e-29,1.76793e-14
181,0.588262,0.0229343,-0.565328,4.94909e-16,0.999999999999994,1.00695488586293,423.220688505559,9.38164913972949e-32,1.95713e-15
182,0.357831,0.0235291,-0.334302,1.42434e-08,0.999999793620105,1.00983406597406,342.607187989136,1.16003915621221e-16,5.63258e-08
183,0.509459,0.0627612,-0.446698,4.5045e-14,0.999999999999146,1.0175137362282,228.378161623188,1.10982929043804e-27,1.78131e-13
184,0.378806,0.0350934,-0.343713,6.51235e-10,0.999999989857238,1.02127815132379,196.760518996713,2.82371650414712e-19,2.57532e-09
185,0.332544,0.0224567,-0.310087,1.57726e-10,0.99999998519976,1.00599368302738,459.52411148364,2.27426592223104e-20,6.23729e-10
186,0.375046,0.0816729,-0.293373,5.98654e-08,0.999999498108453,1.00690328942429,425.020658169604,1.64819978637996e-15,2.36739e-07
187,0.364642,0.0224174,-0.342225,7.36521e-12,0.999999998386567,1.00923821644371,356.617082547978,5.50593463267213e-23,2.91258e-11
188,0.363147,0.0224373,-0.34071,4.22883e-12,0.999999999625327,1.00339118538531,599.50077999784,1.33328925625642e-23,1.6723e-11
189,0.632637,0.00536003,-0.627276,0.000823453,0.989477493243366,1.00383777400973,569.629465592432,9.43696195515097e-07,0.00325904
190,0.99684,0.74791,-0.24893,0.198291,0.779961150559655,1.01245979523882,292.253628350378,0.000328153116001891,0.978089
191,0.300936,0.000129038,-0.300807,6.37373e-12,0.999999996891703,1.00472764752321,518.274981162406,6.72258174718641e-23,2.5205e-11
192,0.38403,0.023786,-0.360244,8.58278e-14,0.999999999998501,1.01061340913555,325.895651658178,3.51316761700475e-27,3.39407e-13
193,0.672576,2.12463e-05,-0.672554,2.84396e-06,0.988354629848174,1.00285303636686,640.00293322681,1.58149752954148e-11,1.12465e-05
194,0.302895,0.000401772,-0.302493,6.24788e-15,0.999999999998952,1.00164979457292,754.231586815237,3.33826734354002e-29,2.47073e-14
195,0.373597,0.115503,-0.258094,1.80235e-05,0.99992936720262,1.00440506965189,535.769505107468,1.2298124402396e-10,7.12754e-05
196,0.36793,0.0405854,-0.327345,4.96239e-08,0.999999567430805,1.02190132658514,192.379820302385,1.260151140298e-15,1.96238e-07
197,0.392621,0.0224274,-0.370194,4.61917e-17,0.999999999999996,1.00992903179066,340.477548279335,1.56775243578681e-33,1.82666e-16
198,0.387969,0.0225132,-0.365455,1.47838e-20,1.0,1.01857207981996,218.468970700172,1.33813388561626e-40,5.84629e-20
199,0.657042,0.0236047,-0.633438,3.52788e-19,1.0,1.00276217752146,647.394396909701,7.29414255853664e-38,1.3951e-18
200,0.299284,0.0226356,-0.276649,3.21209e-08,0.999998551901853,1.00605746377284,456.919900910271,9.88539960648869e-16,1.27023e-07
201,0.384457,0.0224322,-0.362025,6.66048e-21,1.0,1.03156643377917,143.550418324465,2.95130831149232e-41,2.6339e-20
202,0.20648,0.022711,-0.183769,1.99503e-05,0.999270754195776,1.00555916944512,478.101855019654,6.17074277810732e-10,7.88955e-05
203,0.22863,4.19115e-05,-0.228588,2.79931e-14,0.999999999988021,1.00594886672142,461.372120814366,1.12881353399668e-27,1.10699e-13
204,0.380359,0.0032094,-0.37715,8.12104e-19,1.0,1.00294094782851,633.011992678705,3.64706245131718e-37,3.21148e-18
205,0.416826,0.000594703,-0.416231,8.01905e-20,1.0,0.997437319885996,2038.18683871181,5.93216624639895e-39,3.17115e-19
206,0.636246,0.0341018,-0.602144,2.92077e-18,1.0,1.00335968989476,601.727742779284,4.51618862493059e-36,1.15502e-17
207,0.372421,0.0230524,-0.349368,1.22734e-10,0.999999998530052,1.02545348754498,170.832155010305,7.15914087367597e-21,4.85355e-10
208,0.377229,0.0224418,-0.354787,6.0311e-16,0.999999999999925,1.00894687003867,363.90275029351,2.82438945850734e-31,2.38501e-15
209,0.381937,0.0224507,-0.359487,7.66578e-15,0.999999999999893,1.02589109607693,168.520371467754,3.16316548007766e-29,3.03145e-14
210,0.278335,0.022435,-0.2559,1.86298e-11,0.999999996557836,1.00571094384964,471.441600129094,3.7390550624681e-22,7.36719e-11
211,0.354489,0.0224341,-0.332055,1.56976e-11,0.999999997607095,1.00747145742268,406.019998671167,2.67131062372654e-22,6.20763e-11
212,0.37303,0.0224166,-0.350613,3.56587e-16,0.99999999999993,1.00229059915435,688.712317910683,1.08037146514419e-31,1.41013e-15
213,0.825136,0.000843324,-0.824292,3.77152e-26,1.0,1.00765104939644,400.368738114408,4.67184270520927e-51,1.49145e-25
214,0.354061,0.160032,-0.194029,0.00276503,0.992628898192281,0.998866387209288,1290.05221635986,2.73266928441219e-06,0.0109647
215,0.383725,0.0226408,-0.361084,1.41702e-16,0.999999999999993,1.03433854546963,133.972799818186,1.37166525351687e-32,5.60362e-16
216,0.385923,0.0224154,-0.363507,2.46883e-22,1.0,1.0335070736022,136.700747672122,4.15650551072598e-44,9.76303e-22
217,0.376457,0.0369283,-0.339529,9.12325e-10,0.999999983913945,1.01921982960738,212.831191258449,5.56962467888136e-19,3.6078e-09
218,0.378288,0.203419,-0.174869,0.00160549,0.993757473993129,1.00107098812201,825.276250465302,1.89837165288053e-06,0.00635913
219,0.742366,0.215142,-0.527223,0.000192923,0.998827933091735,0.998365839866401,1480.07501661351,2.47273723336002e-08,0.000763062
220,0.513562,0.0227985,-0.490763,2.07459e-20,1.0,1.00440951617514,535.520212130241,2.18398805600595e-40,8.204e-20
221,0.324007,0.022445,-0.301562,1.30813e-08,0.999998494012665,1.0091224540816,359.47597785371,1.72705434661646e-16,5.17301e-08
222,0.349668,0.000733037,-0.348935,4.05675e-15,0.999999999999488,1.00022067536304,958.148768020794,1.35076073851594e-29,1.60425e-14
223,0.501568,0.158816,-0.342752,3.61326e-05,0.999855230327764,1.00103610404424,829.992469979526,6.89924421802398e-10,0.000142892
224,0.382203,0.0466182,-0.335585,2.47109e-12,0.999999999949166,1.01638155364342,240.064222894459,4.11817885767952e-24,9.77196e-12
225,0.383388,0.0224382,-0.36095,1.76714e-18,1.0,1.03149652530815,143.810759810925,2.24266034202525e-36,6.98817e-18
226,0.381671,0.113518,-0.268153,6.39341e-07,0.999996450626916,1.00446289246212,532.545948722367,2.04815118213082e-13,2.52828e-06
227,0.338121,0.148695,-0.189426,0.00400601,0.990045423468157,1.00470157298391,519.645930659043,4.8108454570229e-06,0.0159055
228,0.389795,0.0224293,-0.367365,9.41741e-17,0.999999999999992,1.01212405340319,297.831701330935,6.41654397362606e-33,3.72413e-16
229,0.277112,0.0225223,-0.25459,4.10894e-08,0.999997275613933,1.00714785483829,416.624254024486,1.79401073033681e-15,1.62489e-07
230,0.375292,0.00409684,-0.371195,7.61693e-17,1.0,1.0030311512195,625.997633380775,2.96345103798169e-33,3.01213e-16
231,0.387664,0.0752565,-0.312407,2.61953e-11,0.999999999655393,1.01356959567909,275.249677631442,3.24229372387336e-22,1.0359e-10
232,0.448339,0.0224141,-0.425925,2.29584e-20,1.0,1.00398135921091,560.655597001971,4.32620653693957e-40,9.07895e-20
233,0.376667,0.0426718,-0.333995,1.7591e-10,0.999999997014436,1.02272354404918,186.901181627724,2.03113155521288e-20,6.9564e-10
234,0.883695,0.0224596,-0.861235,3.9832e-31,1.0,1.00557183047289,477.538953670191,1.22164035631255e-61,1.57516e-30
235,0.354929,0.000532275,-0.354397,9.9096e-19,1.0,1.0005897421528,895.523137575111,8.38178614198727e-37,3.91877e-18
236,0.384661,0.0224352,-0.362226,7.91956e-20,1.0,1.03481752217959,132.453062557257,4.39058691407439e-39,3.1318e-19
237,0.381826,0.0225224,-0.359304,1.23438e-13,0.999999999991621,1.00426519709946,543.733403928558,1.17674482173907e-26,4.88136e-13
238,0.38656,0.0251686,-0.361392,4.43524e-16,0.999999999999982,1.01767109992594,226.846247807111,1.23450230013907e-31,1.75392e-15
239,0.384432,0.0387021,-0.34573,1.7527e-14,0.999999999999499,1.01029770061788,332.460404165495,1.98659928625996e-28,6.93108e-14
240,0.455648,0.0235276,-0.432121,5.95744e-15,0.999999999999778,1.02761904111295,159.997968986816,2.32637907615288e-29,2.35588e-14
241,0.468439,0.0226297,-0.44581,1.78099e-15,0.999999999999833,1.00386258479018,568.058075185853,2.53969979159249e-30,7.04294e-15
242,0.99684,0.74791,-0.24893,0.198291,0.779961150559655,1.01245979523882,292.253628350378,0.000328153116001891,0.978089
243,0.99684,0.74791,-0.24893,0.198291,0.779961150559655,1.01245979523882,292.253628350378,0.000328153116001891,0.978089
244,0.99684,0.74791,-0.24893,0.198291,0.779961150559655,1.01245979523882,292.253628350378,0.000328153116001891,0.978089
245,0.99684,0.74791,-0.24893,0.198291,0.779961150559655,1.01245979523882,292.253628350378,0.000328153116001891,0.978089
246,0.99684,0.74791,-0.24893,0.198291,0.779961150559655,1.01245979523882,292.253628350378,0.000328153116001891,0.978089
247,0.99684,0.74791,-0.24893,0.198291,0.779961150559655,1.01245979523882,292.253628350378,0.000328153116001891,0.978089
248,0.99684,0.74791,-0.24893,0.198291,0.779961150559655,1.01245979523882,292.253628350378,0.000328153116001891,0.978089
249,0.278957,0.000222264,-0.278735,5.03869e-13,0.999999999929906,1.00568263662819,472.669453989882,2.62484631437897e-25,1.99256e-12
250,0.375076,0.085729,-0.289347,7.58031e-07,0.999996202624474,1.00524878212497,492.335933310423,2.16703465006389e-13,2.99765e-06
251,0.4079,0.0747171,-0.333182,3.36056e-10,0.999999995977874,1.01624252700832,241.585048752766,6.04364282937248e-20,1.32894e-09
252,0.380003,0.0627923,-0.317211,1.51575e-10,0.999999998040658,1.02347856491687,182.148845643832,1.357797173568e-20,5.99405e-10
253,0.385685,0.0224347,-0.36325,2.44665e-20,1.0,1.03446420499515,133.570527068176,4.09712747855697e-40,9.67531e-20
254,0.498061,0.0717644,-0.426297,2.09467e-12,0.999999999968916,1.01265495163108,289.108704479436,2.24066137063743e-24,8.28341e-12
255,0.882046,0.203814,-0.678232,2.30853e-08,0.999999660548216,0.997931818874171,1697.14096829862,4.83792295882483e-16,9.12911e-08
256,0.380876,0.0224273,-0.358449,1.09973e-17,0.999999999999999,1.01431049060693,264.985275357742,9.51341139101797e-35,4.34892e-17
257,0.99684,0.74791,-0.24893,0.198291,0.779961150559655,1.01245979523882,292.253628350378,0.000328153116001891,0.978089
258,0.99684,0.74791,-0.24893,0.198291,0.779961150559655,1.01245979523882,292.253628350378,0.000328153116001891,0.978089
259,0.99684,0.74791,-0.24893,0.198291,0.779961150559655,1.01245979523882,292.253628350378,0.000328153116001891,0.978089
260,0.99684,0.74791,-0.24893,0.198291,0.779961150559655,1.01245979523882,292.253628350378,0.000328153116001891,0.978089
261,0.99684,0.74791,-0.24893,0.198291,0.779961150559655,1.01245979523882,292.253628350378,0.000328153116001891,0.978089
262,0.99684,0.74791,-0.24893,0.198291,0.779961150559655,1.01245979523882,292.253628350378,0.000328153116001891,0.978089
263,0.99684,0.74791,-0.24893,0.198291,0.779961150559655,1.01245979523882,292.253628350378,0.000328153116001891,0.978089
264,0.99684,0.74791,-0.24893,0.198291,0.779961150559655,1.01245979523882,292.253628350378,0.000328153116001891,0.978089
265,0.99684,0.74791,-0.24893,0.198291,0.779961150559655,1.01245979523882,292.253628350378,0.000328153116001891,0.978089
266,0.99684,0.74791,-0.24893,0.198291,0.779961150559655,1.01245979523882,292.253628350378,0.000328153116001891,0.978089
267,0.99684,0.74791,-0.24893,0.198291,0.779961150559655,1.01245979523882,292.253628350378,0.000328153116001891,0.978089
268,0.99684,0.74791,-0.24893,0.198291,0.779961150559655,1.01245979523882,292.253628350378,0.000328153116001891,0.978089
269,0.99684,0.74791,-0.24893,0.198291,0.779961150559655,1.01245979523882,292.253628350378,0.000328153116001891,0.978089
270,0.99684,0.74791,-0.24893,0.198291,0.779961150559655,1.01245979523882,292.253628350378,0.000328153116001891,0.978089
271,0.99684,0.74791,-0.24893,0.198291,0.779961150559655,1.01245979523882,292.253628350378,0.000328153116001891,0.978089
272,0.99684,0.74791,-0.24893,0.198291,0.779961150559655,1.01245979523882,292.253628350378,0.000328153116001891,0.978089
273,0.99684,0.74791,-0.24893,0.198291,0.779961150559655,1.01245979523882,292.253628350378,0.000328153116001891,0.978089
274,0.99684,0.74791,-0.24893,0.198291,0.779961150559655,1.01245979523882,292.253628350378,0.000328153116001891,0.978089
275,0.308499,0.000448921,-0.30805,3.39226e-12,0.999999999453308,1.00832659288935,380.474070846732,1.17503322725018e-23,1.34147e-11
276,0.386253,0.022459,-0.363794,2.81164e-20,1.0,1.03052579974788,147.531662948203,5.18049849935847e-40,1.11187e-19
277,0.375718,0.0224233,-0.353295,1.02682e-13,0.999999999981692,1.00611491765701,454.599579619161,9.5821793876415e-27,4.06058e-13
278,0.399587,0.0225471,-0.37704,1.95794e-20,1.0,1.00610704181394,454.916233666444,2.01282429608266e-40,7.74271e-20
279,0.374626,0.0224162,-0.35221,1.54251e-14,0.999999999996898,1.00367213129499,580.350513875164,1.86960461381493e-28,6.09988e-14
280,0.877373,0.0224355,-0.854938,5.89412e-25,1.0,1.00773995864078,397.629918924234,4.24400259403628e-49,2.33084e-24
281,0.379224,0.024601,-0.354623,1.84014e-11,0.999999999550903,1.02532578213872,171.519366625323,2.19030497719594e-22,7.27684e-11
282,0.370243,0.0224445,-0.347798,1.49523e-13,0.999999999985964,1.00261819022357,659.468420681606,1.77390289223422e-26,5.91292e-13
283,0.384483,0.0224695,-0.362013,1.96173e-18,1.0,1.00827916571544,381.804788294358,1.72135159406247e-36,7.7577e-18
284,0.99684,0.74791,-0.24893,0.198291,0.779961150559655,1.01245979523882,292.253628350378,0.000328153116001891,0.978089
285,0.327397,0.000399091,-0.326998,3.46725e-16,0.999999999999932,1.00002823003477,994.441756542401,1.05421039724173e-31,1.37113e-15
286,0.289504,0.0225189,-0.266985,3.16387e-11,0.999999995635295,1.0030319189879,625.938605649607,9.50844937778118e-22,1.25116e-10
287,0.383813,0.0224222,-0.361391,2.7982e-17,0.999999999999999,1.01431449756586,264.931902463138,5.84925302989681e-34,1.10655e-16
288,0.382372,0.00096823,-0.381403,9.41112e-21,1.0,1.01129120547362,312.660641380035,7.41895435819562e-41,3.72164e-20
289,0.392548,0.0224328,-0.370116,6.14081e-18,1.0,1.01187646852422,302.087202324736,2.80086030889395e-35,2.42839e-17
290,0.381245,0.000690632,-0.380554,7.43534e-23,1.0,1.01541601868737,251.053676258084,4.76679462533088e-45,2.94032e-22
291,0.386581,0.00069015,-0.38589,1.16715e-23,1.0,1.01641004032287,239.755041304071,1.16365587696563e-46,4.61551e-23
292,0.386005,0.041084,-0.344921,8.29134e-13,0.999999999979227,1.02069133998007,201.079809626782,4.82203720365394e-25,3.27882e-12
293,0.409472,0.0232031,-0.386269,2.11063e-14,0.999999999998888,1.01014310614467,335.77475687632,3.2834575408686e-28,8.3465e-14
294,0.384954,0.0225838,-0.36237,2.12272e-13,0.999999999996918,1.02496751334681,173.478550316735,2.06112346928665e-26,8.39432e-13
295,0.48342,0.0227714,-0.460649,3.07814e-20,1.0,1.00472036940261,518.656911812767,4.95012037132289e-40,1.21726e-19
296,0.370338,0.0224281,-0.34791,5.21892e-15,0.999999999999237,1.00241239823283,677.538011409981,2.26840000374728e-29,2.06383e-14
297,0.38352,0.0224598,-0.36106,8.68575e-19,1.0,1.03483843872245,132.38752961171,5.41170861827922e-37,3.43479e-18
298,0.302097,0.0851441,-0.216953,0.000136948,0.999336786242939,1.0135366380215,275.725325400692,8.6700225925799e-09,0.000541636
299,0.384524,0.0656119,-0.318912,6.65828e-10,0.999999991772741,1.02708151878136,162.550726215406,2.8776743634813e-19,2.63303e-09
300,0.374998,0.101791,-0.273207,8.42058e-07,0.999995033353866,1.0041484441808,550.567164522018,3.2319906048361e-13,3.32993e-06
301,0.383499,0.0240738,-0.359425,3.04712e-13,0.99999999999585,1.00723610182533,413.676887747047,4.21237573116744e-26,1.20499e-12
302,0.382362,0.0224918,-0.35987,1.29203e-15,0.999999999999922,1.02170685076065,193.724977516086,1.18151617723249e-30,5.10937e-15
303,0.378523,0.000310908,-0.378212,2.11461e-19,1.0,1.00188758350434,728.498730598193,4.30619117823785e-38,8.36225e-19
304,0.241058,0.0229232,-0.218134,8.1716e-08,0.999996572890595,1.00336398472279,601.423080729687,6.76902729879149e-15,3.23147e-07
305,0.384483,0.0226341,-0.361849,2.00729e-16,0.999999999999993,1.02967207721076,150.976266021327,2.43448653928931e-32,7.93784e-16
306,0.99684,0.74791,-0.24893,0.198291,0.779961150559655,1.01245979523882,292.253628350378,0.000328153116001891,0.978089
307,0.99684,0.74791,-0.24893,0.198291,0.779961150559655,1.01245979523882,292.253628350378,0.000328153116001891,0.978089
308,0.2498,0.0226769,-0.227123,1.81897e-05,0.999358460671951,1.00606551331546,456.593363842305,4.7009553102552e-10,7.19329e-05
309,0.252774,0.000251212,-0.252522,2.95949e-13,0.999999999940316,1.00527667547212,491.02164920909,1.00292928324175e-25,1.17034e-12
310,0.384752,0.0224318,-0.362321,2.16521e-19,1.0,1.03287997229309,138.837407267794,2.98240443790772e-38,8.56235e-19
311,0.373435,0.022551,-0.350884,1.46992e-12,0.999999999930852,1.00825015499379,382.623466178672,1.54055550425748e-24,5.81281e-12
312,0.774429,0.194632,-0.579797,6.01796e-05,0.999752200288561,1.00060145255344,893.67081947886,2.1796577446924e-09,0.000237996
313,0.126255,0.000146897,-0.126108,1.66221e-08,0.999996942013273,1.00397361582716,561.132231449472,5.48963271187309e-16,6.57325e-08
314,0.341939,0.0701506,-0.271788,8.28706e-05,0.999689690025953,1.01707861387301,232.727637487828,2.21637151665321e-09,0.00032774
315,0.361482,0.120306,-0.241176,0.000157989,0.999474152575668,1.00906213465304,360.984278446827,8.65005696126259e-09,0.00062487
316,0.99684,0.74791,-0.24893,0.198291,0.779961150559653,1.01245979523882,292.253628350382,0.000328153116001894,0.978089
317,0.377872,0.0329938,-0.344878,5.41105e-09,0.999999946526835,1.02517989765169,172.31151920384,1.45019829702196e-17,2.13981e-08
318,0.807402,0.0229125,-0.784489,8.55704e-17,0.999999999999999,1.00201253249599,715.675290500588,4.66833116539848e-33,3.3839e-16
319,0.467057,0.0224388,-0.444619,3.33548e-07,0.999979875731301,1.00502230958664,503.277407053042,2.068887188283e-13,1.31902e-06
320,0.662239,0.0224171,-0.639822,9.89963e-05,0.99959624893692,1.00470708326727,519.355597492573,1.77749442337583e-08,0.000391521
321,0.368947,0.0027812,-0.366165,9.74541e-15,0.999999999999778,1.01477523286754,258.939034149086,5.98043379843481e-29,3.85384e-14
322,0.335651,0.0713408,-0.264311,7.61439e-05,0.999664619095885,1.0194858718756,210.602037294813,2.70962375370625e-09,0.000301135
323,0.404921,0.0224519,-0.38247,4.4507e-14,0.999999999997824,1.00702060316681,420.950456468484,1.33444285792843e-27,1.76004e-13
324,13.2828,0.0677781,-13.215,5.14199e-06,0.999990607707709,1.00238397441947,680.112798537402,1.126829207654e-11,2.03342e-05
325,0.666056,0.0225324,-0.643523,2.10436e-16,0.999999999999996,1.01316701905129,281.177835091344,2.41199431775186e-32,8.32173e-16
326,0.308619,0.0946038,-0.214015,0.0051016,0.987856385395524,1.01543126679511,250.872058543022,7.0248803981431e-06,0.0202778
327,0.496127,0.0307142,-0.465413,0.0160129,0.975505304554532,1.00429719977442,541.890160245996,5.70070631659316e-05,0.0643536
328,0.411986,0.0879173,-0.324068,0.113804,0.858209812205685,1.00664670003602,434.208532087235,0.000929020525987852,0.507834
329,0.379548,0.0306683,-0.34888,7.50892e-07,0.999996647117715,1.02484857114779,174.139379525787,1.67417945471265e-13,2.96942e-06
330,0.850571,0.0234565,-0.827115,1.08496e-17,1.0,1.01083790795175,321.386594844339,6.21113676171096e-35,4.29048e-17
331,0.579166,0.0470236,-0.532142,1.59222e-09,0.999999987233752,1.013696869986,273.428576215886,1.19429185303655e-18,6.29647e-09
332,0.382835,0.0229219,-0.359913,8.58382e-09,0.999999907543234,1.0110247050892,317.731001929996,3.5844624076832e-17,3.39449e-08
333,0.733946,0.0226105,-0.711335,2.85895e-18,1.0,1.00333459906405,603.51387608447,4.28860098443213e-36,1.13058e-17
334,0.0908539,0.0655389,-0.0253149,0.241789,0.556719733019237,1.00217593496146,699.578090703143,0.013597502740711,1.26107
335,0.377061,0.022606,-0.354455,2.93009e-11,0.999999999338047,1.01394003852305,270.017217677502,5.15367638713359e-22,1.15871e-10
336,0.379929,0.00240337,-0.377526,1.50867e-13,0.999999999993442,0.999904976814438,1019.17815335837,1.65622858835003e-26,5.96607e-13
337,0.460614,0.00594331,-0.454671,2.55453e-14,0.999999999999646,1.0144381774888,263.295295377024,2.89663895199175e-28,1.01019e-13
338,0.371873,0.0265011,-0.345372,4.63846e-08,0.999999562830016,1.01908157824863,214.009032496933,1.07520788119512e-15,1.83429e-07
339,0.867742,0.0225356,-0.845206,4.68718e-19,1.0,1.00474445271627,517.395279429291,1.88538979404167e-37,1.85355e-18
340,0.99684,0.74791,-0.24893,0.198291,0.779961150559655,1.01245979523882,292.253628350378,0.000328153116001891,0.978089
341,0.99684,0.74791,-0.24893,0.198291,0.779961150559655,1.01245979523882,292.253628350378,0.000328153116001891,0.978089
342,0.99684,0.74791,-0.24893,0.198291,0.779961150559655,1.01245979523882,292.253628350378,0.000328153116001891,0.978089
343,0.99684,0.74791,-0.24893,0.198291,0.779961150559655,1.01245979523882,292.253628350378,0.000328153116001891,0.978089
344,0.99684,0.74791,-0.24893,0.198291,0.779961150559655,1.01245979523882,292.253628350378,0.000328153116001891,0.978089
345,0.375869,0.0232877,-0.352581,1.4396e-08,0.999999920083099,1.02593448624909,168.294714828861,6.4553235684509e-17,5.69294e-08
346,0.382587,0.0224773,-0.36011,1.50155e-11,0.999999999508078,1.00531133609968,489.398398811655,1.42758846507747e-22,5.93791e-11
347,0.464399,0.0810418,-0.383357,2.88864e-08,0.999999846775967,1.00540176924218,485.214045153371,2.7678675595009e-16,1.14232e-07
348,0.37261,0.0287752,-0.343835,2.14762e-06,0.999991641223338,1.02427367521015,177.409124078755,1.19857465920747e-12,8.49282e-06
349,0.3507,0.0682939,-0.282406,4.86339e-05,0.999804849076982,1.02089324333524,199.571592813297,8.6025602344705e-10,0.000192333
350,0.669836,0.00036627,-0.66947,4.92025e-05,0.988438892203263,1.00290731717608,635.668056857049,4.64826888450598e-09,0.000194582
351,0.0751482,0.00118409,-0.0739641,0.000168301,0.996642056271645,1.00341394748549,597.901695416728,5.07868355072923e-08,0.000665663
352,0.374283,0.0229425,-0.35134,3.1473e-08,0.99999964893966,1.00792521978142,392.043954640052,5.03835374504842e-16,1.24461e-07
353,0.99684,0.74791,-0.24893,0.198291,0.779961150559655,1.01245979523882,292.253628350378,0.000328153116001891,0.978089
354,0.384635,0.00385071,-0.380784,1.22049e-14,0.999999999999749,1.01301758754096,283.445668983066,8.63598556479073e-29,4.82646e-14
355,0.363417,0.00554683,-0.35787,3.05756e-11,0.999999999593041,1.00970993609961,345.432269040089,4.70721846871594e-22,1.20912e-10
356,0.39107,0.00419275,-0.386877,2.79945e-15,0.999999999999949,1.01613966413891,242.723144802038,4.23260311810176e-30,1.10705e-14
357,0.334465,0.00508157,-0.329384,2.10731e-09,0.999999972592645,1.00325728720326,609.085601977872,2.33987260241801e-18,8.33338e-09
358,0.371056,0.00895458,-0.362101,7.42644e-11,0.999999999513619,1.0089627934511,363.496707338146,1.80104572875214e-21,2.9368e-10
359,0.322315,0.0829067,-0.239409,0.00261114,0.993286784806687,1.01285860292283,285.900127885792,2.01291992781425e-06,0.0103528
360,0.394084,0.0325312,-0.361553,1.37383e-08,0.99999992515999,1.01278082784989,287.116824136653,5.68520951056192e-17,5.43283e-08
361,0.401138,0.0276652,-0.373473,6.7834e-10,0.999999994835197,1.01761216088298,227.417514869852,1.67028142375886e-19,2.68251e-09
362,0.611225,0.0326281,-0.578597,1.71663e-10,0.999999998746459,1.00482081724626,513.43570020473,1.00788859353073e-20,6.78843e-10
363,0.517045,0.0227238,-0.494322,6.19505e-12,0.999999999909373,1.01744006225755,229.102748504437,1.90036750948845e-23,2.44984e-11
364,0.453096,0.0234287,-0.429667,3.19801e-10,0.999999997930631,1.02300358153483,185.10864924278,3.09991338402723e-20,1.26466e-09
365,0.99684,0.74791,-0.24893,0.198291,0.779961150559655,1.01245979523882,292.253628350378,0.000328153116001891,0.978089
366,0.99684,0.74791,-0.24893,0.198291,0.779961150559655,1.01245979523882,292.253628350378,0.000328153116001891,0.978089
367,0.741027,0.0235342,-0.717493,1.6352e-11,0.999999999900856,1.00608691648747,455.727428530405,9.09158784673826e-23,6.46643e-11
368,0.362894,0.0226342,-0.34026,1.97331e-08,0.999999665377583,1.00488120536005,510.347795141986,2.27248815081813e-16,7.8035e-08
369,0.377034,0.0779149,-0.299119,2.42358e-06,0.999989805975935,1.01345102992802,276.968763398102,1.75422569164583e-12,9.58411e-06
